id,user_id,action,resource_type,resource_id,details,ip_address,user_agent,created_at
538f8fa1-dad1-4422-b2d2-bbf65281237b,7c82547b-708e-42bb-bd07-56b3994fa160,login,,,"{""method"": ""email""}",,,2026-03-05 08:37:11.504272+00
e9310c4a-7e3f-44b7-89bd-c3e6da4cee81,7c82547b-708e-42bb-bd07-56b3994fa160,login,,,"{""method"": ""email""}",,,2026-03-05 09:28:29.527658+00
5d238ceb-b9b3-4af7-9a10-dba8cbd95477,7c82547b-708e-42bb-bd07-56b3994fa160,login,,,"{""method"": ""email""}",,,2026-03-05 09:52:20.336351+00
014eb2c1-7781-4dac-84cd-609f32dcedc3,97f64deb-e072-4c9f-9973-063db5e3acbc,login,,,"{""method"": ""email""}",,,2026-03-05 18:10:05.214701+00
0e0168d6-f1f3-4f54-848c-e71c70ee3359,97f64deb-e072-4c9f-9973-063db5e3acbc,login,,,"{""method"": ""email""}",,,2026-03-05 18:47:50.395113+00
79f261b1-c987-4b86-9a27-b7091e8d9d28,97f64deb-e072-4c9f-9973-063db5e3acbc,login,,,"{""method"": ""email""}",,,2026-03-05 18:48:24.934297+00
612983a2-dbd5-4ab8-9ea0-c75540b12d5d,97f64deb-e072-4c9f-9973-063db5e3acbc,login,,,"{""method"": ""email""}",,,2026-03-05 18:48:39.402878+00
2d5f3ea5-aff8-4804-a5c3-e90c8ab33de5,97f64deb-e072-4c9f-9973-063db5e3acbc,login,,,"{""method"": ""email""}",,,2026-03-05 18:51:50.881572+00
f534d7ba-88fc-4906-b2e7-034bf3a00a48,7c82547b-708e-42bb-bd07-56b3994fa160,login,,,"{""method"": ""email""}",,,2026-03-06 06:44:05.443531+00
dd220e9d-bf32-48b7-85ea-a0571e6b307c,97f64deb-e072-4c9f-9973-063db5e3acbc,login,,,"{""method"": ""email""}",,,2026-03-06 16:42:16.219167+00
443ffc66-fa15-4ba5-b9b7-a22791109522,97f64deb-e072-4c9f-9973-063db5e3acbc,login,,,"{""method"": ""email""}",,,2026-03-06 16:43:42.032499+00
3f4c1eac-a3f7-4a3b-a313-394dae79d636,42f76336-b0a1-47a0-801e-0f51aa39b2f5,login,,,"{""method"": ""email""}",,,2026-03-06 16:43:47.689077+00
ce82d75d-d2c3-497e-a3b5-a9e5544e7a42,4b77b821-85ad-45af-918c-6cf398eaeb00,login,,,"{""method"": ""email""}",,,2026-03-06 16:43:54.313929+00
7c56888f-7dfe-451c-9dc7-211f08575652,97f64deb-e072-4c9f-9973-063db5e3acbc,login,,,"{""method"": ""email""}",,,2026-03-06 16:44:28.601803+00
744691d4-cab9-451d-8b6f-ea584601a3e8,97f64deb-e072-4c9f-9973-063db5e3acbc,login,,,"{""method"": ""email""}",,,2026-03-06 16:45:17.092809+00
a37c57c5-61a3-4b76-b1c8-aca380ab57b3,97f64deb-e072-4c9f-9973-063db5e3acbc,login,,,"{""method"": ""email""}",,,2026-03-06 16:45:39.749693+00
2d4b7780-53f7-491b-bb0e-77e5788df1d4,97f64deb-e072-4c9f-9973-063db5e3acbc,login,,,"{""method"": ""email""}",,,2026-03-06 17:44:38.828735+00
311b103d-3416-4e8c-8530-1e8f72915ecb,97f64deb-e072-4c9f-9973-063db5e3acbc,login,,,"{""method"": ""email""}",,,2026-03-06 18:08:18.593688+00
37ba4253-33f0-4898-839c-bca0e835e3a7,97f64deb-e072-4c9f-9973-063db5e3acbc,login,,,"{""method"": ""email""}",,,2026-03-09 16:52:16.767558+00
5493433d-4ad1-4b45-b08e-56cf5a6a1b03,97f64deb-e072-4c9f-9973-063db5e3acbc,login,,,"{""method"": ""email""}",,,2026-03-09 16:52:35.670757+00
7bc27b04-d201-4b81-bc6d-411a6e8811ce,97f64deb-e072-4c9f-9973-063db5e3acbc,login,,,"{""method"": ""email""}",,,2026-03-09 16:53:53.371614+00
6355d446-60f6-41d7-a37d-5a077ad6a93a,97f64deb-e072-4c9f-9973-063db5e3acbc,login,,,"{""method"": ""email""}",,,2026-03-09 17:12:57.906329+00
fb652b5f-25c1-43f2-a876-175303fcef75,42f76336-b0a1-47a0-801e-0f51aa39b2f5,login,,,"{""method"": ""email""}",,,2026-03-09 17:13:12.731555+00
acba1647-5c7a-429d-b113-2ec23082190a,4b77b821-85ad-45af-918c-6cf398eaeb00,login,,,"{""method"": ""email""}",,,2026-03-09 17:13:27.448019+00
9b28b70b-1a16-493a-a488-22eccf3c8237,4b77b821-85ad-45af-918c-6cf398eaeb00,login,,,"{""method"": ""email""}",,,2026-03-09 17:13:55.494488+00
6b94e959-fbdc-4974-bf00-e6f7e5cfba09,97f64deb-e072-4c9f-9973-063db5e3acbc,login,,,"{""method"": ""email""}",,,2026-03-09 17:36:19.129951+00
ef531bd7-f7e6-4ee1-96b8-5603de573bc9,97f64deb-e072-4c9f-9973-063db5e3acbc,login,,,"{""method"": ""email""}",,,2026-03-09 17:37:15.87173+00
2520c40f-733f-40b9-98d1-3c5cd1ca3a81,97f64deb-e072-4c9f-9973-063db5e3acbc,login,,,"{""method"": ""email""}",,,2026-03-09 17:38:33.998889+00
9f4daec4-5e2a-4a71-a5d1-4917d10070ac,97f64deb-e072-4c9f-9973-063db5e3acbc,login,,,"{""method"": ""email""}",,,2026-03-09 17:47:50.533831+00
f29d4af4-4727-45a3-9ef3-7deedcffdd4e,42f76336-b0a1-47a0-801e-0f51aa39b2f5,login,,,"{""method"": ""email""}",,,2026-03-09 17:48:40.757214+00
2e4683de-7aea-4428-b2b2-e41a131ae86e,4b77b821-85ad-45af-918c-6cf398eaeb00,login,,,"{""method"": ""email""}",,,2026-03-09 17:48:52.078084+00
1ebea52b-62db-4849-833a-0e32cc862804,3edc984f-b4b6-450d-8d59-3b4a25c0a5de,login,,,"{""method"": ""email""}",,,2026-03-09 17:53:36.139189+00
5fccec70-dd9b-4512-a995-8ab36bb11b72,3edc984f-b4b6-450d-8d59-3b4a25c0a5de,login,,,"{""method"": ""email""}",,,2026-03-09 17:54:13.380241+00
cc9ffe4f-6a6a-42eb-a4f3-9375835929c5,c700ef3a-e47f-4bfc-9c49-8c7109105e31,login,,,"{""method"": ""email""}",,,2026-03-09 17:54:21.486592+00
a58d9e87-4c56-4d30-9a12-28e819693503,3edc984f-b4b6-450d-8d59-3b4a25c0a5de,login,,,"{""method"": ""email""}",,,2026-03-09 17:54:46.809909+00
2a734211-2691-4a37-844c-1229431e60bb,4ad64b45-6730-45ae-aec9-0f0ad184891e,login,,,"{""method"": ""email""}",,,2026-03-09 17:55:23.111785+00
5d92a0ff-ec60-421a-bf16-b29e4094cec9,001da1d1-5af2-48ad-b6e8-28f8ba9ced9b,login,,,"{""method"": ""email""}",,,2026-03-09 17:55:35.321932+00
bad46501-ed56-40f7-9ebf-08acf0626db8,4ad64b45-6730-45ae-aec9-0f0ad184891e,login,,,"{""method"": ""email""}",,,2026-03-09 18:06:15.983903+00
ef449bf9-3041-4af3-b190-463c6222b129,3edc984f-b4b6-450d-8d59-3b4a25c0a5de,login,,,"{""method"": ""email""}",,,2026-03-09 18:29:35.889956+00
c26d68d5-aae7-4670-bcfb-8d67fd8a3527,c700ef3a-e47f-4bfc-9c49-8c7109105e31,login,,,"{""method"": ""email""}",,,2026-03-09 18:29:48.065211+00
2711ca13-864f-4f87-a1e0-5fdf84fc3fd1,001da1d1-5af2-48ad-b6e8-28f8ba9ced9b,login,,,"{""method"": ""email""}",,,2026-03-09 18:51:10.852591+00
6a7e9342-3710-44b3-ae8b-acd86666a421,3edc984f-b4b6-450d-8d59-3b4a25c0a5de,login,,,"{""method"": ""email""}",,,2026-03-09 19:24:11.422422+00
9f6ef974-1a2e-41a2-be72-6b5979d1d001,3edc984f-b4b6-450d-8d59-3b4a25c0a5de,login,,,"{""method"": ""email""}",,,2026-03-10 06:17:25.44154+00
e9606d74-36cf-4261-8d1d-25adc6a67945,001da1d1-5af2-48ad-b6e8-28f8ba9ced9b,login,,,"{""method"": ""email""}",,,2026-03-10 06:17:31.89421+00
af18e86b-925d-455d-ba20-f64a475feeb1,7c82547b-708e-42bb-bd07-56b3994fa160,login,,,"{""method"": ""email""}",,,2026-03-10 06:18:04.590605+00
ce2d9598-80cf-4f49-bf6f-0b6fe9934b02,7c82547b-708e-42bb-bd07-56b3994fa160,login,,,"{""method"": ""email""}",,,2026-03-10 07:41:29.59768+00
ca566c48-1efe-43a9-8d24-ea89a1c81d0b,3edc984f-b4b6-450d-8d59-3b4a25c0a5de,login,,,"{""method"": ""email""}",,,2026-03-10 18:39:10.962397+00
a7650eb7-cf34-44a4-8ec3-ba4fa9be5b94,3edc984f-b4b6-450d-8d59-3b4a25c0a5de,login,,,"{""method"": ""email""}",,,2026-03-10 18:53:53.063545+00
a2ab50a6-b70a-4760-86e1-715dbe5d3c6b,3edc984f-b4b6-450d-8d59-3b4a25c0a5de,login,,,"{""method"": ""email""}",,,2026-03-11 15:17:56.664953+00
884b448b-2bd1-4bd1-88af-431a574b766f,3edc984f-b4b6-450d-8d59-3b4a25c0a5de,login,,,"{""method"": ""email""}",,,2026-03-12 20:28:59.241472+00
7625455d-6c52-423d-bcd0-99998b82883e,001da1d1-5af2-48ad-b6e8-28f8ba9ced9b,login,,,"{""method"": ""email""}",,,2026-03-13 14:15:08.572699+00
3ca33391-64f2-461f-aadd-fd28c0e9d277,3edc984f-b4b6-450d-8d59-3b4a25c0a5de,login,,,"{""method"": ""email""}",,,2026-03-13 14:22:23.5319+00
7ddf1d14-2900-4f4f-8a67-e87c2ce0d987,4ad64b45-6730-45ae-aec9-0f0ad184891e,login,,,"{""method"": ""email""}",,,2026-03-13 15:01:34.807836+00
b8a6a981-9b2b-49c6-8bc2-8c47ce8a77af,3edc984f-b4b6-450d-8d59-3b4a25c0a5de,login,,,"{""method"": ""email""}",,,2026-03-13 15:05:25.040082+00
dcab380a-b1ea-42bf-8fa8-a2f8876c5390,3edc984f-b4b6-450d-8d59-3b4a25c0a5de,login,,,"{""method"": ""email""}",,,2026-03-13 16:22:42.555393+00
f7c4e696-6efd-4f65-8911-b699e0f66ac2,3edc984f-b4b6-450d-8d59-3b4a25c0a5de,login,,,"{""method"": ""email""}",,,2026-03-18 19:13:07.012041+00
77b8d173-ecba-48b2-a513-fe5edad2e705,3edc984f-b4b6-450d-8d59-3b4a25c0a5de,login,,,"{""method"": ""email""}",,,2026-03-18 19:57:19.873916+00
212390ad-6701-4888-bae5-e73b20ca7730,3edc984f-b4b6-450d-8d59-3b4a25c0a5de,login,,,"{""method"": ""email""}",,,2026-03-19 09:08:53.20566+00
aa7c7475-ab58-4110-8d8f-e3a0c3b5231a,3edc984f-b4b6-450d-8d59-3b4a25c0a5de,login,,,"{""method"": ""email""}",,,2026-03-19 18:14:53.742339+00
c648a58f-a5ad-4aac-82f4-2129e9c580b3,4ad64b45-6730-45ae-aec9-0f0ad184891e,login,,,"{""method"": ""email""}",,,2026-03-26 20:33:30.455312+00
62563e91-be3e-4cdb-8ee0-07953945b0f8,3edc984f-b4b6-450d-8d59-3b4a25c0a5de,login,,,"{""method"": ""email""}",,,2026-03-26 20:36:42.232771+00
27e18398-a395-48f6-bbf0-af401e83dacc,3edc984f-b4b6-450d-8d59-3b4a25c0a5de,login,,,"{""method"": ""email""}",,,2026-03-26 20:38:29.700686+00
049f47e2-b9fb-4ad0-8941-e2b4c641bb53,4ad64b45-6730-45ae-aec9-0f0ad184891e,login,,,"{""method"": ""email""}",,,2026-03-26 20:39:11.713111+00
bf75a91e-c249-4857-9b5a-696ebca1a34b,001da1d1-5af2-48ad-b6e8-28f8ba9ced9b,login,,,"{""method"": ""email""}",,,2026-03-26 20:39:20.902195+00
4bd5e443-5c68-4b22-9e1c-a6cae6d7ad26,4ad64b45-6730-45ae-aec9-0f0ad184891e,login,,,"{""method"": ""email""}",,,2026-03-26 20:39:33.619739+00
7b2e3d44-1664-4f4a-a778-1191ccae82d1,3edc984f-b4b6-450d-8d59-3b4a25c0a5de,login,,,"{""method"": ""email""}",,,2026-03-30 16:10:13.994093+00
d9d355ad-0dfd-424d-b8df-102534c39e5f,3edc984f-b4b6-450d-8d59-3b4a25c0a5de,login,,,"{""method"": ""email""}",,,2026-03-30 16:45:36.555658+00
dab48314-2a2d-4602-96d7-a06849c67fbf,001da1d1-5af2-48ad-b6e8-28f8ba9ced9b,login,,,"{""method"": ""email""}",,,2026-03-30 16:49:42.509313+00
c575ef71-c05d-410c-b235-318f60159a0c,c700ef3a-e47f-4bfc-9c49-8c7109105e31,login,,,"{""method"": ""email""}",,,2026-03-30 17:06:20.546095+00
c568e299-6178-4526-97e1-e978d5c71bc2,4ad64b45-6730-45ae-aec9-0f0ad184891e,login,,,"{""method"": ""email""}",,,2026-03-30 17:06:37.136604+00
2a9429a4-84cf-4248-9c6d-97eada6a10d8,3edc984f-b4b6-450d-8d59-3b4a25c0a5de,login,,,"{""method"": ""email""}",,,2026-03-30 17:07:17.985059+00
2d71b1bd-69f9-42d1-b14c-cfe8d617d69d,3edc984f-b4b6-450d-8d59-3b4a25c0a5de,login,,,"{""method"": ""email""}",,,2026-03-30 18:13:42.42686+00
ef03e666-637c-4f3b-a743-76319b7efc19,3edc984f-b4b6-450d-8d59-3b4a25c0a5de,login,,,"{""method"": ""email""}",,,2026-03-30 18:52:23.911719+00
118c77ae-5d24-4c82-9442-e564ca0e4046,3edc984f-b4b6-450d-8d59-3b4a25c0a5de,login,,,"{""method"": ""email""}",,,2026-03-30 18:54:16.45144+00
011e1ab3-7af4-4b8a-a740-a743ad6c043e,3edc984f-b4b6-450d-8d59-3b4a25c0a5de,login,,,"{""method"": ""email""}",,,2026-03-30 18:55:28.578432+00
0109cd1a-c23b-4ad0-94e9-a5d9ee8f5bac,3edc984f-b4b6-450d-8d59-3b4a25c0a5de,login,,,"{""method"": ""email""}",,,2026-03-30 18:56:58.033543+00
90a7bd5f-92ab-4206-8fb4-e70cd8757d93,3edc984f-b4b6-450d-8d59-3b4a25c0a5de,login,,,"{""method"": ""email""}",,,2026-03-30 18:57:50.664592+00
1c5bc8f9-c1e9-4061-b278-86348f0e44d0,3edc984f-b4b6-450d-8d59-3b4a25c0a5de,login,,,"{""method"": ""email""}",,,2026-03-30 19:11:21.130273+00
131700ac-8ead-460c-8dfa-5191d0f54082,3edc984f-b4b6-450d-8d59-3b4a25c0a5de,login,,,"{""method"": ""email""}",,,2026-03-30 19:12:00.122331+00
4eaefbf9-2b33-4ff0-a597-0d397147e549,3edc984f-b4b6-450d-8d59-3b4a25c0a5de,login,,,"{""method"": ""email""}",,,2026-03-30 19:44:03.418308+00
11df65cd-705d-4e22-a2fc-78962c90f3e5,3edc984f-b4b6-450d-8d59-3b4a25c0a5de,login,,,"{""method"": ""email""}",,,2026-03-30 19:54:42.277092+00
4d5f303a-9ca5-4621-a646-adeb1445efdb,001da1d1-5af2-48ad-b6e8-28f8ba9ced9b,login,,,"{""method"": ""email""}",,,2026-03-30 19:56:39.644658+00
43f89645-a426-4127-9ae2-08b47922a64b,3edc984f-b4b6-450d-8d59-3b4a25c0a5de,login,,,"{""method"": ""email""}",,,2026-03-30 20:56:11.810863+00
5d967b25-2ce6-4799-85b4-c5234cb589a8,001da1d1-5af2-48ad-b6e8-28f8ba9ced9b,login,,,"{""method"": ""email""}",,,2026-03-31 13:55:05.705706+00
f5613f8d-5960-4ffe-851f-a66ce468d0de,3edc984f-b4b6-450d-8d59-3b4a25c0a5de,login,,,"{""method"": ""email""}",,,2026-04-02 09:44:46.800624+00
5fe618aa-5d06-4948-a97b-8ff3dbed5922,3edc984f-b4b6-450d-8d59-3b4a25c0a5de,login,,,"{""method"": ""email""}",,,2026-04-03 06:27:55.454887+00
95c589ce-dd90-41b1-81ef-53128dfe2634,3edc984f-b4b6-450d-8d59-3b4a25c0a5de,login,,,"{""method"": ""email""}",,,2026-04-07 16:27:43.825941+00
ebd9a3c2-a41b-44b8-bd53-b06cb3e19f9e,3edc984f-b4b6-450d-8d59-3b4a25c0a5de,login,,,"{""method"": ""email""}",,,2026-04-07 19:21:44.805711+00
d83a70c5-9481-45b6-a11d-36f075b3a21d,001da1d1-5af2-48ad-b6e8-28f8ba9ced9b,login,,,"{""method"": ""email""}",,,2026-04-07 19:41:00.331757+00
295de296-7314-4ec7-8f0d-99947c60586a,3edc984f-b4b6-450d-8d59-3b4a25c0a5de,login,,,"{""method"": ""email""}",,,2026-04-07 19:44:58.892757+00
adcdd0ec-1238-46a2-b2ca-09dcdcacaa4d,3edc984f-b4b6-450d-8d59-3b4a25c0a5de,login,,,"{""method"": ""email""}",,,2026-04-08 19:03:07.237348+00
7d6289bb-f56b-4c77-8f46-a35ea0ed983f,3edc984f-b4b6-450d-8d59-3b4a25c0a5de,login,,,"{""method"": ""email""}",,,2026-04-08 19:10:35.526527+00
bfa20181-69d2-4a3b-94cc-1d4ebf1c9ee0,3edc984f-b4b6-450d-8d59-3b4a25c0a5de,login,,,"{""method"": ""email""}",,,2026-04-08 20:37:28.57437+00
b50d1ccf-4d11-4eb4-ac16-9886cc7a2f53,3edc984f-b4b6-450d-8d59-3b4a25c0a5de,login,,,"{""method"": ""email""}",,,2026-04-08 21:12:24.921952+00
c9d2cffe-775a-41fc-9bdf-a600572fe906,3edc984f-b4b6-450d-8d59-3b4a25c0a5de,login,,,"{""method"": ""email""}",,,2026-04-09 14:16:44.309874+00
b7209892-7b0a-4021-bed2-f11d6d60bd45,001da1d1-5af2-48ad-b6e8-28f8ba9ced9b,login,,,"{""method"": ""email""}",,,2026-04-09 14:17:07.047347+00
19b12af1-0513-436b-ac17-e48f055e5e39,4ad64b45-6730-45ae-aec9-0f0ad184891e,login,,,"{""method"": ""email""}",,,2026-04-09 14:17:17.839423+00
8f079431-c082-4787-8189-3ce643bec0d6,3edc984f-b4b6-450d-8d59-3b4a25c0a5de,login,,,"{""method"": ""email""}",,,2026-04-09 16:42:39.991305+00
72989904-8e35-4145-a68a-0c955dd41ac7,3edc984f-b4b6-450d-8d59-3b4a25c0a5de,login,,,"{""method"": ""email""}",,,2026-04-09 16:43:24.856748+00
7deead42-0436-465c-8b01-ad4ec418f64d,3edc984f-b4b6-450d-8d59-3b4a25c0a5de,login,,,"{""method"": ""email""}",,,2026-04-09 17:11:18.526448+00
68fe3cce-b606-4ab6-ac22-70da49a22ed0,3edc984f-b4b6-450d-8d59-3b4a25c0a5de,login,,,"{""method"": ""email""}",,,2026-04-09 17:23:44.469668+00
d38140fb-2253-4ab6-8b0b-f1563620c6cd,3edc984f-b4b6-450d-8d59-3b4a25c0a5de,login,,,"{""method"": ""email""}",,,2026-04-09 20:11:38.91266+00
a6de9d06-a7b7-4dab-aadb-da66bbf28709,4ad64b45-6730-45ae-aec9-0f0ad184891e,login,,,"{""method"": ""email""}",,,2026-04-09 20:16:42.07071+00
03fced09-64b8-4c56-a498-7087cd27ad73,001da1d1-5af2-48ad-b6e8-28f8ba9ced9b,login,,,"{""method"": ""email""}",,,2026-04-09 21:03:00.009057+00
43dcd604-d4a1-494c-8583-b008dea925f4,3edc984f-b4b6-450d-8d59-3b4a25c0a5de,login,,,"{""method"": ""email""}",,,2026-04-10 14:47:05.600437+00
c42d3ea7-09a2-48fe-a6a6-39319e793a37,3edc984f-b4b6-450d-8d59-3b4a25c0a5de,login,,,"{""method"": ""email""}",,,2026-04-10 15:04:59.6714+00
17a3d794-3625-48ac-bd44-49c75c5953fc,3edc984f-b4b6-450d-8d59-3b4a25c0a5de,login,,,"{""method"": ""email""}",,,2026-04-10 15:17:21.479456+00
b2c445f1-ddc4-483d-8fd7-3aaf2a3601ce,3edc984f-b4b6-450d-8d59-3b4a25c0a5de,login,,,"{""method"": ""email""}",,,2026-04-10 16:40:01.379602+00
a25d1629-a154-4bd1-85ef-c060963c818f,001da1d1-5af2-48ad-b6e8-28f8ba9ced9b,login,,,"{""method"": ""email""}",,,2026-04-10 16:42:55.635369+00
8cfc1256-902b-4e63-b42a-80f64c7105b9,001da1d1-5af2-48ad-b6e8-28f8ba9ced9b,login,,,"{""method"": ""email""}",,,2026-04-11 12:19:28.294364+00
23418471-2ca9-43f2-b238-82c550b6de4e,3edc984f-b4b6-450d-8d59-3b4a25c0a5de,login,,,"{""method"": ""email""}",,,2026-04-12 01:27:49.676047+00
52468e01-bee3-4d59-b15d-70a0510869f0,3edc984f-b4b6-450d-8d59-3b4a25c0a5de,login,,,"{""method"": ""email""}",,,2026-04-15 11:49:26.930171+00
5ec2a442-b504-46c4-ac01-393871f99fe1,3edc984f-b4b6-450d-8d59-3b4a25c0a5de,login,,,"{""method"": ""email""}",,,2026-04-15 21:16:17.601853+00
5194db6c-0faf-41a0-a9fc-c964d8d1bb66,3edc984f-b4b6-450d-8d59-3b4a25c0a5de,login,,,"{""method"": ""email""}",,,2026-04-16 16:46:10.397656+00
2e5f1aab-8433-426e-a6a3-3611927ba8df,3edc984f-b4b6-450d-8d59-3b4a25c0a5de,login,,,"{""method"": ""email""}",,,2026-04-22 15:32:05.528361+00
fd95f85c-75a0-48c3-b6e3-3f504e3a7f83,001da1d1-5af2-48ad-b6e8-28f8ba9ced9b,login,,,"{""method"": ""email""}",,,2026-04-22 15:32:47.891874+00
483a8746-bece-4140-82b6-2107081a7c8b,232896a3-8a84-4089-8e1d-43406e7641c6,login,,,"{""method"": ""email""}",,,2026-04-23 18:44:42.782411+00
94c41e8c-644c-4a4f-84fc-1608f241da38,3edc984f-b4b6-450d-8d59-3b4a25c0a5de,login,,,"{""method"": ""email""}",,,2026-04-23 18:44:49.245419+00
4c16d532-73b5-4d80-bda9-d2c17e97647c,3edc984f-b4b6-450d-8d59-3b4a25c0a5de,login,,,"{""method"": ""email""}",,,2026-04-27 08:17:05.555467+00
a6f9d012-91ad-4a1a-9cee-f571502f973b,3edc984f-b4b6-450d-8d59-3b4a25c0a5de,login,,,"{""method"": ""email""}",,,2026-05-01 18:46:54.713881+00
3986b042-eac0-4edd-9d14-8b501a793d72,3edc984f-b4b6-450d-8d59-3b4a25c0a5de,login,,,"{""method"": ""email""}",,,2026-05-01 20:04:03.702648+00
3ce40fcf-050f-4d67-b6f7-ea3eb6e665f4,3edc984f-b4b6-450d-8d59-3b4a25c0a5de,login,,,"{""method"": ""email""}",,,2026-05-04 12:55:32.476844+00
758af59a-ea19-406c-ad2b-bbcab8cba2d9,232896a3-8a84-4089-8e1d-43406e7641c6,login,,,"{""method"": ""email""}",,,2026-05-04 20:32:48.5177+00
55dda86b-ce17-42a2-9704-09647b4ed7cc,3edc984f-b4b6-450d-8d59-3b4a25c0a5de,login,,,"{""method"": ""email""}",,,2026-05-04 21:00:49.671061+00
294ced10-7c77-4690-965c-b525ee1162aa,3edc984f-b4b6-450d-8d59-3b4a25c0a5de,login,,,"{""method"": ""email""}",,,2026-05-04 21:04:28.544426+00
5ad0022e-5f39-471c-b580-0b783889dfc7,232896a3-8a84-4089-8e1d-43406e7641c6,login,,,"{""method"": ""email""}",,,2026-05-04 21:25:41.969263+00
00904b67-3d26-400d-a8b1-1a470c76f443,3edc984f-b4b6-450d-8d59-3b4a25c0a5de,login,,,"{""method"": ""email""}",,,2026-05-05 16:07:42.971867+00
dbb65dac-af43-4290-a114-ab168211c945,3edc984f-b4b6-450d-8d59-3b4a25c0a5de,login,,,"{""method"": ""email""}",,,2026-05-05 16:11:53.372144+00
034052c3-bed9-49f1-8b7e-9775df581207,3edc984f-b4b6-450d-8d59-3b4a25c0a5de,login,,,"{""method"": ""email""}",,,2026-05-05 16:42:55.259419+00
1a8c2a93-8734-41e6-b4ba-0c42e670e9d9,3edc984f-b4b6-450d-8d59-3b4a25c0a5de,login,,,"{""method"": ""email""}",,,2026-05-05 16:43:02.22302+00
6ad6570d-9873-497c-af1f-c7f414203b17,3edc984f-b4b6-450d-8d59-3b4a25c0a5de,login,,,"{""method"": ""email""}",,,2026-05-05 16:55:37.6289+00
e04bd568-8569-492b-9838-9c494fc6db58,001da1d1-5af2-48ad-b6e8-28f8ba9ced9b,login,,,"{""method"": ""email""}",,,2026-05-05 17:00:31.249557+00
b59d7076-9113-4fd4-abd2-567bc2431cf1,4ad64b45-6730-45ae-aec9-0f0ad184891e,login,,,"{""method"": ""email""}",,,2026-05-05 17:00:42.284525+00
b4d7ac99-69da-4f68-956c-c07279d37cdf,c700ef3a-e47f-4bfc-9c49-8c7109105e31,login,,,"{""method"": ""email""}",,,2026-05-05 17:00:52.607385+00
dc7321c8-6d9d-4554-9c0f-6822fd246045,3edc984f-b4b6-450d-8d59-3b4a25c0a5de,login,,,"{""method"": ""email""}",,,2026-05-05 18:59:34.11633+00
6154c41e-7fe9-4363-9092-1ae630d1bd5b,3edc984f-b4b6-450d-8d59-3b4a25c0a5de,login,,,"{""method"": ""email""}",,,2026-05-06 17:06:02.75433+00
c811be57-bb79-4345-b219-a5325a181e7d,c700ef3a-e47f-4bfc-9c49-8c7109105e31,login,,,"{""method"": ""email""}",,,2026-05-06 17:06:14.968154+00
2fef565b-9e7b-40fb-967e-1327e552a3c6,001da1d1-5af2-48ad-b6e8-28f8ba9ced9b,login,,,"{""method"": ""email""}",,,2026-05-06 17:06:34.775589+00
3985d3cc-8454-4680-ba8a-95fb79d57bd6,3edc984f-b4b6-450d-8d59-3b4a25c0a5de,login,,,"{""method"": ""email""}",,,2026-05-06 17:19:46.212312+00
b3fcfc28-602f-41e0-ae76-2388f3a42d24,4ad64b45-6730-45ae-aec9-0f0ad184891e,login,,,"{""method"": ""email""}",,,2026-05-06 17:19:56.466614+00
e27aacdf-fc64-4a66-a4cc-1b2640fe4a37,c700ef3a-e47f-4bfc-9c49-8c7109105e31,login,,,"{""method"": ""email""}",,,2026-05-06 17:20:09.131466+00
91a94da7-f4d7-4e75-aba2-c353f62fc17a,3edc984f-b4b6-450d-8d59-3b4a25c0a5de,login,,,"{""method"": ""email""}",,,2026-05-06 17:32:38.488462+00
3f832b85-2faa-4a88-af08-768a1945b9b8,3edc984f-b4b6-450d-8d59-3b4a25c0a5de,login,,,"{""method"": ""email""}",,,2026-05-06 20:02:32.818819+00
7ce23f51-881f-4438-9ff9-1232b292f2ba,3edc984f-b4b6-450d-8d59-3b4a25c0a5de,login,,,"{""method"": ""email""}",,,2026-05-06 20:03:35.964091+00
fec9471e-100f-44f8-8d74-c82eed9b977a,3edc984f-b4b6-450d-8d59-3b4a25c0a5de,login,,,"{""method"": ""email""}",,,2026-05-06 20:07:08.468011+00
0ba9dfd0-8a20-4a29-a68d-887206354648,4ad64b45-6730-45ae-aec9-0f0ad184891e,login,,,"{""method"": ""email""}",,,2026-05-07 08:52:53.655381+00
a3234347-c465-4351-a0ca-99f6852e643b,3edc984f-b4b6-450d-8d59-3b4a25c0a5de,login,,,"{""method"": ""email""}",,,2026-05-14 20:28:50.44065+00
41f31731-b148-48ac-940e-fe935a6af0ff,3edc984f-b4b6-450d-8d59-3b4a25c0a5de,login,,,"{""method"": ""email""}",,,2026-05-18 17:58:00.840406+00
5caae58c-19f7-4353-b790-8a262bc8e1b4,3edc984f-b4b6-450d-8d59-3b4a25c0a5de,login,,,"{""method"": ""email""}",,,2026-05-18 18:06:39.667008+00
748a9a25-2844-4566-92b2-ba42c1e7720b,001da1d1-5af2-48ad-b6e8-28f8ba9ced9b,login,,,"{""method"": ""email""}",,,2026-05-19 09:56:12.622287+00
345c5f74-dfdf-429f-a8d7-ca75c85c9f1d,3edc984f-b4b6-450d-8d59-3b4a25c0a5de,login,,,"{""method"": ""email""}",,,2026-05-20 15:21:00.744255+00
fe05c2e7-0fed-4045-bd6a-b9368bfef4a6,3edc984f-b4b6-450d-8d59-3b4a25c0a5de,login,,,"{""method"": ""email""}",,,2026-05-20 16:59:01.952677+00
d710b825-2494-4086-9126-d14f52dcc1ed,3edc984f-b4b6-450d-8d59-3b4a25c0a5de,login,,,"{""method"": ""email""}",,,2026-05-21 09:56:39.542291+00
6c07763e-10c2-415b-a7e6-3ad6cae7d571,3edc984f-b4b6-450d-8d59-3b4a25c0a5de,login,,,"{""method"": ""email""}",,,2026-05-21 14:57:59.663136+00
7ff6bc1d-0493-4798-8a77-efb559e43ecf,3edc984f-b4b6-450d-8d59-3b4a25c0a5de,login,,,"{""method"": ""email""}",,,2026-05-22 07:07:07.214019+00
03c783d6-5ec7-475c-8437-94506440c974,4ad64b45-6730-45ae-aec9-0f0ad184891e,login,,,"{""method"": ""email""}",,,2026-05-25 09:25:06.899401+00
014510ef-aaf8-4e66-8c43-eff2ad28f3e6,3edc984f-b4b6-450d-8d59-3b4a25c0a5de,login,,,"{""method"": ""email""}",,,2026-05-26 10:23:54.656605+00
e14ac7e3-59d0-4335-a6d5-5aec6a796f4a,3edc984f-b4b6-450d-8d59-3b4a25c0a5de,login,,,"{""method"": ""email""}",,,2026-05-26 10:40:37.436402+00
b21c86a4-9181-4c9c-a8b3-bbf9f7611576,3edc984f-b4b6-450d-8d59-3b4a25c0a5de,login,,,"{""method"": ""email""}",,,2026-05-26 11:20:47.1574+00
244e263b-ce2e-4dfb-a750-002e30002b08,4ad64b45-6730-45ae-aec9-0f0ad184891e,login,,,"{""method"": ""email""}",,,2026-05-26 18:55:47.287811+00
47b9e059-e9d2-4cc3-b6f2-57b6be646a91,3edc984f-b4b6-450d-8d59-3b4a25c0a5de,login,,,"{""method"": ""email""}",,,2026-06-02 19:29:29.680358+00
13883ba7-6ea3-442c-8cb5-942e155c4ea8,3edc984f-b4b6-450d-8d59-3b4a25c0a5de,login,,,"{""method"": ""email""}",,,2026-06-03 12:20:55.29156+00
a7362859-3938-459a-b533-a948724b0e6f,3edc984f-b4b6-450d-8d59-3b4a25c0a5de,login,,,"{""method"": ""email""}",,,2026-06-03 12:32:22.211086+00
8e47953b-ede2-4ee5-a384-6bd302022197,4ad64b45-6730-45ae-aec9-0f0ad184891e,login,,,"{""method"": ""email""}",,,2026-06-03 12:32:53.613572+00
0e8d333b-fd86-4a27-a287-7fd38e9d8ab8,001da1d1-5af2-48ad-b6e8-28f8ba9ced9b,login,,,"{""method"": ""email""}",,,2026-06-03 12:33:31.410304+00
a9f6f031-64ca-4558-a33e-cff7a6bc2a8d,3edc984f-b4b6-450d-8d59-3b4a25c0a5de,login,,,"{""method"": ""email""}",,,2026-06-03 13:57:24.14773+00
0cbe59a0-09e6-4fa0-bb9d-efd460c7841d,c700ef3a-e47f-4bfc-9c49-8c7109105e31,login,,,"{""method"": ""email""}",,,2026-06-04 18:51:58.112991+00
77d322ea-04d7-47f4-ad7a-9396a7ab05a9,001da1d1-5af2-48ad-b6e8-28f8ba9ced9b,login,,,"{""method"": ""email""}",,,2026-06-04 18:57:52.166965+00
8bf9e730-7a92-45fb-b4ca-618b390ba0c0,3edc984f-b4b6-450d-8d59-3b4a25c0a5de,login,,,"{""method"": ""email""}",,,2026-06-08 16:20:32.033863+00
4c416843-f38a-4718-b1ee-3159da363fc4,3edc984f-b4b6-450d-8d59-3b4a25c0a5de,login,,,"{""method"": ""email""}",,,2026-06-08 18:41:34.129021+00
5574a917-9e32-4d75-8125-1fcc4a4d701b,3edc984f-b4b6-450d-8d59-3b4a25c0a5de,login,,,"{""method"": ""email""}",,,2026-06-08 21:26:51.075639+00
c7540087-f4c8-47bf-81c6-d8530c89ea93,c700ef3a-e47f-4bfc-9c49-8c7109105e31,login,,,"{""method"": ""email""}",,,2026-06-09 16:12:06.154922+00
4b4292ae-30ea-436f-a80d-77737e249a6d,3edc984f-b4b6-450d-8d59-3b4a25c0a5de,login,,,"{""method"": ""email""}",,,2026-06-09 16:12:32.562651+00
a90b40f5-218a-40ba-a546-e3fccf34e03a,3edc984f-b4b6-450d-8d59-3b4a25c0a5de,login,,,"{""method"": ""email""}",,,2026-06-09 19:27:00.060244+00
8fdbbd14-9cbc-4d52-a34e-0b8879b6f3b3,3edc984f-b4b6-450d-8d59-3b4a25c0a5de,login,,,"{""method"": ""email""}",,,2026-06-09 20:01:23.818852+00
3dc4d78e-e327-4239-92b7-1857efd85d68,001da1d1-5af2-48ad-b6e8-28f8ba9ced9b,login,,,"{""method"": ""email""}",,,2026-06-09 20:01:39.3091+00
320d4fa6-8ec1-4e67-9c17-cb5481da3cd9,3edc984f-b4b6-450d-8d59-3b4a25c0a5de,login,,,"{""method"": ""email""}",,,2026-06-09 20:12:54.455419+00
0b297a3b-de12-4a74-9a0c-6373babb5fdc,3edc984f-b4b6-450d-8d59-3b4a25c0a5de,login,,,"{""method"": ""email""}",,,2026-06-09 20:24:55.353848+00
383b9ec3-a08f-4ba3-9020-45e4fb265f39,3edc984f-b4b6-450d-8d59-3b4a25c0a5de,login,,,"{""method"": ""email""}",,,2026-06-10 12:22:50.729424+00
c56004b1-4fca-47b5-b994-0440688c9bf2,3edc984f-b4b6-450d-8d59-3b4a25c0a5de,login,,,"{""method"": ""email""}",,,2026-06-10 13:24:54.956718+00
9c007bbb-b267-4e76-9d93-5888e53c83a1,3edc984f-b4b6-450d-8d59-3b4a25c0a5de,login,,,"{""method"": ""email""}",,,2026-06-10 16:29:53.593482+00
004b9a2b-cac5-41f6-8687-3ff6bfcd40f9,3edc984f-b4b6-450d-8d59-3b4a25c0a5de,login,,,"{""method"": ""email""}",,,2026-06-10 16:30:03.922659+00
8a5da0fd-4ba2-46ea-b391-fbb72b022114,3edc984f-b4b6-450d-8d59-3b4a25c0a5de,login,,,"{""method"": ""email""}",,,2026-06-10 16:30:24.923699+00
866991f9-b038-4d4e-a8b4-74c4ea1059b7,3edc984f-b4b6-450d-8d59-3b4a25c0a5de,login,,,"{""method"": ""email""}",,,2026-06-10 16:33:36.716254+00
bc65410e-97d9-436d-ab7b-23e1758b94a4,3edc984f-b4b6-450d-8d59-3b4a25c0a5de,login,,,"{""method"": ""email""}",,,2026-06-10 16:39:02.408993+00
685dff7e-2d46-44f6-bcf3-8f6b5bd2319d,3edc984f-b4b6-450d-8d59-3b4a25c0a5de,login,,,"{""method"": ""email""}",,,2026-06-10 16:43:00.536998+00
be4354bb-c80b-4b20-afda-00b7d724acce,3edc984f-b4b6-450d-8d59-3b4a25c0a5de,login,,,"{""method"": ""email""}",,,2026-06-10 16:45:01.751548+00
36b1fc0b-55bb-4217-a32a-7b476ddd2dcd,3edc984f-b4b6-450d-8d59-3b4a25c0a5de,login,,,"{""method"": ""email""}",,,2026-06-10 17:13:04.564549+00
ece0e084-7adc-449d-85bb-ade0ae29fb4d,3edc984f-b4b6-450d-8d59-3b4a25c0a5de,login,,,"{""method"": ""email""}",,,2026-06-10 18:42:36.80312+00
b03535eb-b1dc-4f65-9db9-f1b82d1cb22c,3edc984f-b4b6-450d-8d59-3b4a25c0a5de,login,,,"{""method"": ""email""}",,,2026-06-10 18:57:21.810906+00
4290f165-6848-454c-a140-0a7ce3872ce0,001da1d1-5af2-48ad-b6e8-28f8ba9ced9b,login,,,"{""method"": ""email""}",,,2026-06-10 19:36:29.678826+00
5228eae4-377c-4f75-8cf0-227c2154cfa3,3edc984f-b4b6-450d-8d59-3b4a25c0a5de,login,,,"{""method"": ""email""}",,,2026-06-10 20:29:48.990269+00
acede54f-1b5d-4a67-ac35-c1774deb5385,3edc984f-b4b6-450d-8d59-3b4a25c0a5de,login,,,"{""method"": ""email""}",,,2026-06-10 21:37:07.090938+00
3f3e995e-83fe-4987-ba33-3842df0e64d4,3edc984f-b4b6-450d-8d59-3b4a25c0a5de,login,,,"{""method"": ""email""}",,,2026-06-11 12:34:02.853969+00
8e425f43-27b5-411f-a8e4-3cfb74a42ae9,3edc984f-b4b6-450d-8d59-3b4a25c0a5de,login,,,"{""method"": ""email""}",,,2026-06-11 12:47:34.748689+00
23b09d17-6a0e-495a-9aa7-5772beea517d,3edc984f-b4b6-450d-8d59-3b4a25c0a5de,login,,,"{""method"": ""email""}",,,2026-06-11 12:51:13.113821+00
a437eda1-7def-4207-b512-16012b7ad1c1,c700ef3a-e47f-4bfc-9c49-8c7109105e31,login,,,"{""method"": ""email""}",,,2026-06-11 12:53:16.973294+00
d5510098-27ce-42b4-82a6-22940f8c3a9d,4ad64b45-6730-45ae-aec9-0f0ad184891e,login,,,"{""method"": ""email""}",,,2026-06-11 12:53:29.041415+00
07ebbf28-7f9a-4628-9e97-0cce52b6fb80,232896a3-8a84-4089-8e1d-43406e7641c6,login,,,"{""method"": ""email""}",,,2026-06-11 12:53:57.816807+00
e6dcb3cd-1177-4520-b128-8f9aaf81d056,001da1d1-5af2-48ad-b6e8-28f8ba9ced9b,login,,,"{""method"": ""email""}",,,2026-06-11 12:58:34.06596+00
c0bd0817-80c2-47ab-8c3b-91e6c1a4f0f2,3edc984f-b4b6-450d-8d59-3b4a25c0a5de,login,,,"{""method"": ""email""}",,,2026-06-11 13:12:00.50747+00
782932a0-b640-49c0-bcb9-8c7db3776272,3edc984f-b4b6-450d-8d59-3b4a25c0a5de,login,,,"{""method"": ""email""}",,,2026-06-11 13:15:03.885178+00
00e2c7f2-d035-4a63-b1fc-b5f96a4682a5,3edc984f-b4b6-450d-8d59-3b4a25c0a5de,login,,,"{""method"": ""email""}",,,2026-06-11 14:34:01.280435+00
b721e656-713d-40c6-88d2-f043c132465d,3edc984f-b4b6-450d-8d59-3b4a25c0a5de,login,,,"{""method"": ""email""}",,,2026-06-12 12:20:47.251324+00
e1653449-f767-4c2e-9876-fdde7aa00933,4ad64b45-6730-45ae-aec9-0f0ad184891e,login,,,"{""method"": ""email""}",,,2026-06-12 12:21:03.435496+00
b03f8242-3b62-4d9e-ac2d-fa8572a270b3,3edc984f-b4b6-450d-8d59-3b4a25c0a5de,login,,,"{""method"": ""email""}",,,2026-06-12 13:54:37.443193+00
86040bb8-55d8-46b9-a6b1-72aaf6012e3b,001da1d1-5af2-48ad-b6e8-28f8ba9ced9b,login,,,"{""method"": ""email""}",,,2026-06-12 13:54:53.084782+00
5fb7a895-66cf-4b9a-b49f-d7e600ceb8e4,3edc984f-b4b6-450d-8d59-3b4a25c0a5de,login,,,"{""method"": ""email""}",,,2026-06-12 14:01:54.416544+00
a838c582-41a9-4648-9ca4-fc13af8c65c5,3edc984f-b4b6-450d-8d59-3b4a25c0a5de,login,,,"{""method"": ""email""}",,,2026-06-12 15:08:16.958543+00
391c52c3-74d1-4f05-b051-47d46561ebd5,3edc984f-b4b6-450d-8d59-3b4a25c0a5de,login,,,"{""method"": ""email""}",,,2026-06-12 15:10:31.585205+00
1f5609a0-fed2-40dc-bcc7-53f8b41ee3de,3edc984f-b4b6-450d-8d59-3b4a25c0a5de,login,,,"{""method"": ""email""}",,,2026-06-12 15:27:28.433092+00
ac196dd7-f7b5-49e9-87df-fbd020709fa8,3edc984f-b4b6-450d-8d59-3b4a25c0a5de,login,,,"{""method"": ""email""}",,,2026-06-12 15:34:30.385012+00
5888c4cb-0185-4ed9-a7d7-73524f682c43,3edc984f-b4b6-450d-8d59-3b4a25c0a5de,login,,,"{""method"": ""email""}",,,2026-06-12 18:44:49.879685+00
de0958ef-ddfc-469c-aa5c-1c92a1856cd4,3edc984f-b4b6-450d-8d59-3b4a25c0a5de,login,,,"{""method"": ""email""}",,,2026-06-12 18:48:40.865316+00
7c23232f-783e-47bf-a00b-24dc3d5fd4d5,3edc984f-b4b6-450d-8d59-3b4a25c0a5de,login,,,"{""method"": ""email""}",,,2026-06-15 13:47:14.242281+00
54921576-2514-4cbd-ad7f-21464ec3f06f,3edc984f-b4b6-450d-8d59-3b4a25c0a5de,login,,,"{""method"": ""email""}",,,2026-06-15 13:48:44.026579+00
a256308c-b321-4ae8-a5c7-16e67f0d2c9c,3edc984f-b4b6-450d-8d59-3b4a25c0a5de,login,,,"{""method"": ""email""}",,,2026-06-15 13:51:21.961592+00
f8dc226f-a4f0-44d5-9260-08a567d44bf7,3edc984f-b4b6-450d-8d59-3b4a25c0a5de,login,,,"{""method"": ""email""}",,,2026-06-15 13:59:40.188445+00
6393585e-351c-4b40-9163-cf1358341c1c,3edc984f-b4b6-450d-8d59-3b4a25c0a5de,login,,,"{""method"": ""email""}",,,2026-06-15 13:59:49.696028+00
fb91e833-e2cb-4ec9-9deb-cdb6c1a2fb8e,3edc984f-b4b6-450d-8d59-3b4a25c0a5de,login,,,"{""method"": ""email""}",,,2026-06-15 14:00:31.686839+00
39765a5a-346c-4eee-8ca9-d677329dbd9b,3edc984f-b4b6-450d-8d59-3b4a25c0a5de,login,,,"{""method"": ""email""}",,,2026-06-15 14:01:39.134837+00
53777c9f-b360-4209-a105-fb4b0a33f486,3edc984f-b4b6-450d-8d59-3b4a25c0a5de,login,,,"{""method"": ""email""}",,,2026-06-15 14:15:29.498451+00
08de8c77-6f01-4a0f-affa-6bbcc251e0f9,3edc984f-b4b6-450d-8d59-3b4a25c0a5de,login,,,"{""method"": ""email""}",,,2026-06-15 15:40:59.513553+00
153786f1-d023-4656-8381-01c8c2299ced,3edc984f-b4b6-450d-8d59-3b4a25c0a5de,login,,,"{""method"": ""email""}",,,2026-06-15 16:02:48.471387+00
785f9516-b833-4ded-89a4-13fddd2138e3,3edc984f-b4b6-450d-8d59-3b4a25c0a5de,login,,,"{""method"": ""email""}",,,2026-06-15 16:03:09.313268+00
b69e7dcb-20e8-4981-84a8-da7a450c4b35,001da1d1-5af2-48ad-b6e8-28f8ba9ced9b,login,,,"{""method"": ""email""}",,,2026-06-15 16:03:54.181014+00
38068487-d006-4df2-af4b-41d15921523e,001da1d1-5af2-48ad-b6e8-28f8ba9ced9b,login,,,"{""method"": ""email""}",,,2026-06-15 16:04:23.097061+00
100e1fc4-c1fe-4d10-974a-71b3afdccf60,c700ef3a-e47f-4bfc-9c49-8c7109105e31,login,,,"{""method"": ""email""}",,,2026-06-15 16:05:20.821457+00
4a9c2202-1f78-4999-a5e4-1d8891488f66,4ad64b45-6730-45ae-aec9-0f0ad184891e,login,,,"{""method"": ""email""}",,,2026-06-15 16:05:38.704837+00
01a6b27b-84b1-41ba-9fd5-0dc3107147e1,3edc984f-b4b6-450d-8d59-3b4a25c0a5de,login,,,"{""method"": ""email""}",,,2026-06-15 16:06:50.073043+00
eedfdb2d-f3c1-4bd3-850a-fa73e9a81a17,3edc984f-b4b6-450d-8d59-3b4a25c0a5de,login,,,"{""method"": ""email""}",,,2026-06-15 16:10:25.704166+00
d10ed7ea-ff5b-49e0-8302-a1efa2ea8ba4,3edc984f-b4b6-450d-8d59-3b4a25c0a5de,login,,,"{""method"": ""email""}",,,2026-06-15 16:16:55.592067+00
3d9a39eb-ff02-4d9f-bb68-1aede7c23c8f,3edc984f-b4b6-450d-8d59-3b4a25c0a5de,login,,,"{""method"": ""email""}",,,2026-06-15 16:17:15.40383+00
3a27fb34-542a-4038-8b80-6a4c3bb77d60,001da1d1-5af2-48ad-b6e8-28f8ba9ced9b,login,,,"{""method"": ""email""}",,,2026-06-15 16:18:10.540295+00
7f7faa45-1f6b-4140-8993-d7ac46ef1160,3edc984f-b4b6-450d-8d59-3b4a25c0a5de,login,,,"{""method"": ""email""}",,,2026-06-15 16:19:29.093+00
4ab37336-1464-40ef-843e-33fa937279f9,3edc984f-b4b6-450d-8d59-3b4a25c0a5de,login,,,"{""method"": ""email""}",,,2026-06-15 16:21:09.994574+00
b4070404-a807-4b07-a1fe-233a9d7ef320,3edc984f-b4b6-450d-8d59-3b4a25c0a5de,login,,,"{""method"": ""email""}",,,2026-06-15 16:21:26.129379+00
260df04e-5a91-4ea7-b860-2c674513b20f,3edc984f-b4b6-450d-8d59-3b4a25c0a5de,login,,,"{""method"": ""email""}",,,2026-06-15 17:00:22.247272+00
508c9b7c-3a3e-4337-ad4b-539584a81934,3edc984f-b4b6-450d-8d59-3b4a25c0a5de,login,,,"{""method"": ""email""}",,,2026-06-15 17:01:00.310612+00
0248b377-765b-4b00-8539-916b4ad6bf2d,3edc984f-b4b6-450d-8d59-3b4a25c0a5de,login,,,"{""method"": ""email""}",,,2026-06-15 17:40:58.051091+00
7cc03d78-4b47-430b-aead-bdb3f8b7e6b9,001da1d1-5af2-48ad-b6e8-28f8ba9ced9b,login,,,"{""method"": ""email""}",,,2026-06-15 17:41:32.091807+00
891688d6-aee5-4156-9a8e-b9f4edfc852a,3edc984f-b4b6-450d-8d59-3b4a25c0a5de,login,,,"{""method"": ""email""}",,,2026-06-15 18:43:59.954674+00
ca6f2ef1-c57a-4eaa-bf74-c6ef3b43f525,3edc984f-b4b6-450d-8d59-3b4a25c0a5de,login,,,"{""method"": ""email""}",,,2026-06-15 18:45:51.267501+00
34bfbea4-82a1-4dad-af9e-8e99c5afcb26,3edc984f-b4b6-450d-8d59-3b4a25c0a5de,login,,,"{""method"": ""email""}",,,2026-06-15 18:55:07.114903+00
dcb00a83-9f0f-40aa-9e0c-8bb511dade6c,3edc984f-b4b6-450d-8d59-3b4a25c0a5de,login,,,"{""method"": ""email""}",,,2026-06-15 18:55:34.883922+00
9da7aee7-269a-449f-9d1e-e783cb6e9818,3edc984f-b4b6-450d-8d59-3b4a25c0a5de,login,,,"{""method"": ""email""}",,,2026-06-15 19:55:54.33225+00
577e9fa5-4cba-4537-90dc-a83a426ed94d,3edc984f-b4b6-450d-8d59-3b4a25c0a5de,login,,,"{""method"": ""email""}",,,2026-06-15 20:04:20.05801+00
50f8c888-3096-4f18-b06b-087bb0a6b647,3edc984f-b4b6-450d-8d59-3b4a25c0a5de,login,,,"{""method"": ""email""}",,,2026-06-15 20:10:46.063092+00
731286fa-df8d-4364-b2f2-059239a763be,4ad64b45-6730-45ae-aec9-0f0ad184891e,login,,,"{""method"": ""email""}",,,2026-06-15 20:11:37.926254+00
84236c13-7c22-4eb1-bb56-b087ed64656a,001da1d1-5af2-48ad-b6e8-28f8ba9ced9b,login,,,"{""method"": ""email""}",,,2026-06-15 20:11:58.924991+00
59e39a18-24b9-468a-9390-3ec2fecc61d3,001da1d1-5af2-48ad-b6e8-28f8ba9ced9b,login,,,"{""method"": ""email""}",,,2026-06-15 20:12:28.858027+00
6f532897-86df-42b2-9aa0-3e201f6c6fe3,001da1d1-5af2-48ad-b6e8-28f8ba9ced9b,login,,,"{""method"": ""email""}",,,2026-06-15 20:15:48.387916+00
f6318e98-c606-4543-95ac-fc60ef25fe9c,001da1d1-5af2-48ad-b6e8-28f8ba9ced9b,login,,,"{""method"": ""email""}",,,2026-06-15 20:16:08.720445+00
8864cd09-caeb-43f6-9254-68ae342726b3,3edc984f-b4b6-450d-8d59-3b4a25c0a5de,login,,,"{""method"": ""email""}",,,2026-06-15 20:57:24.885854+00
59e685b3-efdf-4f00-9aa8-dc766890a49f,001da1d1-5af2-48ad-b6e8-28f8ba9ced9b,login,,,"{""method"": ""email""}",,,2026-06-15 21:02:44.549031+00
3b747c86-c0f1-4160-9a5c-fa67b935d723,3edc984f-b4b6-450d-8d59-3b4a25c0a5de,login,,,"{""method"": ""email""}",,,2026-06-15 21:40:22.934505+00
c3b75fd0-291d-4e72-a159-33cea282b3e7,3edc984f-b4b6-450d-8d59-3b4a25c0a5de,login,,,"{""method"": ""email""}",,,2026-06-15 21:40:40.907818+00
ca40e569-37bf-4347-ab0b-1a3d5a5d93b9,001da1d1-5af2-48ad-b6e8-28f8ba9ced9b,login,,,"{""method"": ""email""}",,,2026-06-15 21:40:45.964631+00
8462bf32-b7ae-477c-9b2a-98e661721867,001da1d1-5af2-48ad-b6e8-28f8ba9ced9b,login,,,"{""method"": ""email""}",,,2026-06-15 21:43:35.615947+00
020bf042-310a-4c63-ae30-d1746957cf87,3edc984f-b4b6-450d-8d59-3b4a25c0a5de,login,,,"{""method"": ""email""}",,,2026-06-15 21:44:06.199378+00
5d6d9c1b-7c43-4dcc-911b-c65c974cdcf1,3edc984f-b4b6-450d-8d59-3b4a25c0a5de,login,,,"{""method"": ""email""}",,,2026-06-15 21:44:37.138048+00
d87e63f6-08e8-4e90-bbb1-0ca3f1dbef92,3edc984f-b4b6-450d-8d59-3b4a25c0a5de,login,,,"{""method"": ""email""}",,,2026-06-15 21:45:09.280047+00
b499b7da-546e-4311-8469-602e33291312,3edc984f-b4b6-450d-8d59-3b4a25c0a5de,login,,,"{""method"": ""email""}",,,2026-06-15 21:49:23.019727+00
3ec88f57-534c-4276-98a4-97a378ab1094,3edc984f-b4b6-450d-8d59-3b4a25c0a5de,login,,,"{""method"": ""email""}",,,2026-06-16 04:18:53.250285+00
dc488bea-da4f-4e57-9a23-0ae78efae95e,3edc984f-b4b6-450d-8d59-3b4a25c0a5de,login,,,"{""method"": ""email""}",,,2026-06-16 04:31:41.504131+00
edf4f856-5c87-4391-8102-5e1e49eb73f7,3edc984f-b4b6-450d-8d59-3b4a25c0a5de,login,,,"{""method"": ""email""}",,,2026-06-16 06:25:37.219988+00
14bfed54-5062-4f9e-b3d7-4539cab95204,001da1d1-5af2-48ad-b6e8-28f8ba9ced9b,login,,,"{""method"": ""email""}",,,2026-06-16 07:10:42.511295+00
0b6fcc01-04db-4814-a796-58e106f5e7f2,4ad64b45-6730-45ae-aec9-0f0ad184891e,login,,,"{""method"": ""email""}",,,2026-06-16 07:11:06.036672+00
ab2125c2-333a-47cc-b2a5-36ef761957fd,c700ef3a-e47f-4bfc-9c49-8c7109105e31,login,,,"{""method"": ""email""}",,,2026-06-16 07:11:27.335142+00
fea65d0e-3b1d-4ab1-bb2d-a39d1a57b17f,3edc984f-b4b6-450d-8d59-3b4a25c0a5de,login,,,"{""method"": ""email""}",,,2026-06-16 07:36:41.956018+00
0e9403a2-c136-421d-8da1-0fe45f6bfda3,3edc984f-b4b6-450d-8d59-3b4a25c0a5de,login,,,"{""method"": ""email""}",,,2026-06-16 09:59:09.791584+00
e3a2bfcb-e905-4f1b-9420-72e9d75a1ac5,3edc984f-b4b6-450d-8d59-3b4a25c0a5de,login,,,"{""method"": ""email""}",,,2026-06-16 10:07:26.075838+00
3252bf9a-382f-4675-a3f3-d520c6ac7d21,3edc984f-b4b6-450d-8d59-3b4a25c0a5de,login,,,"{""method"": ""email""}",,,2026-06-16 10:07:51.418348+00
61d8790d-fe73-45b7-9abf-6eb651335234,4ad64b45-6730-45ae-aec9-0f0ad184891e,login,,,"{""method"": ""email""}",,,2026-06-16 10:10:21.934583+00
63e491a8-99c1-4163-9f5e-1f1e55607d83,c700ef3a-e47f-4bfc-9c49-8c7109105e31,login,,,"{""method"": ""email""}",,,2026-06-16 10:10:47.186675+00
668220c5-0774-41f5-b873-02b2b9b90753,3edc984f-b4b6-450d-8d59-3b4a25c0a5de,login,,,"{""method"": ""email""}",,,2026-06-16 10:10:59.895684+00
f580a833-1df7-4d21-a709-49e6bf4c5d77,001da1d1-5af2-48ad-b6e8-28f8ba9ced9b,login,,,"{""method"": ""email""}",,,2026-06-16 10:13:00.986138+00
6407138f-d176-4cfc-b67f-0fecaae34b72,3edc984f-b4b6-450d-8d59-3b4a25c0a5de,login,,,"{""method"": ""email""}",,,2026-06-16 10:13:19.804821+00
0f752bd5-39b8-416e-b6db-a6e3700ae881,3edc984f-b4b6-450d-8d59-3b4a25c0a5de,login,,,"{""method"": ""email""}",,,2026-06-16 10:13:50.216692+00
0fdd7077-f67e-4912-ad92-2cdd164b0296,3edc984f-b4b6-450d-8d59-3b4a25c0a5de,login,,,"{""method"": ""email""}",,,2026-06-16 11:09:23.606128+00
7eedf755-07b8-4199-999a-9c81c255bd2b,3edc984f-b4b6-450d-8d59-3b4a25c0a5de,login,,,"{""method"": ""email""}",,,2026-06-16 12:42:58.32681+00
0bfe35b6-560b-45fa-a1af-f77b580269a5,3edc984f-b4b6-450d-8d59-3b4a25c0a5de,login,,,"{""method"": ""email""}",,,2026-06-16 15:15:46.147122+00
e73443b1-6010-4d1a-a321-73bd4eaed797,3edc984f-b4b6-450d-8d59-3b4a25c0a5de,login,,,"{""method"": ""email""}",,,2026-06-16 19:10:36.287412+00
1c7581a3-a20d-4fe8-b669-3e5602c5de9a,3edc984f-b4b6-450d-8d59-3b4a25c0a5de,login,,,"{""method"": ""email""}",,,2026-06-16 19:10:39.028115+00
9c3ed0ea-6235-4688-9daa-2e348d30dc65,,login,,,"{""method"": ""email""}",,,2026-06-16 11:37:53.977537+00
e2641ee8-8d2d-49c6-8943-a2d15bc7461f,,login,,,"{""method"": ""email""}",,,2026-06-16 14:19:27.156782+00
4897a621-59c2-49c4-b521-4b304396d7a3,,login,,,"{""method"": ""email""}",,,2026-06-16 15:41:15.955278+00
34d9b586-aa94-494a-8226-b154805b5ca8,,login,,,"{""method"": ""email""}",,,2026-06-16 15:48:11.542262+00
2ab8a4bd-6985-4cf3-ac83-83eeb3917197,da3fab49-76d4-422a-9873-e2bcaf2f5801,login,,,"{""method"": ""email""}",,,2026-06-16 19:30:52.781598+00
7afe38f1-bb8a-4b82-9982-521ab09377e7,3edc984f-b4b6-450d-8d59-3b4a25c0a5de,login,,,"{""method"": ""email""}",,,2026-06-16 19:52:06.990852+00
b6de40d5-7d5b-4178-be32-c1c63a72c81b,c700ef3a-e47f-4bfc-9c49-8c7109105e31,login,,,"{""method"": ""email""}",,,2026-06-16 19:52:10.271737+00
2e9c27fd-941a-4722-967d-84df62ffe2ed,001da1d1-5af2-48ad-b6e8-28f8ba9ced9b,login,,,"{""method"": ""email""}",,,2026-06-16 20:00:01.302705+00
235e595f-1cf1-47a1-a062-b17df7077181,3edc984f-b4b6-450d-8d59-3b4a25c0a5de,login,,,"{""method"": ""email""}",,,2026-06-16 20:00:44.482562+00
188c631d-4fe4-4f4d-9d52-504f55c595f0,001da1d1-5af2-48ad-b6e8-28f8ba9ced9b,login,,,"{""method"": ""email""}",,,2026-06-16 20:44:00.994024+00
a960f931-79ad-4d40-9eae-ba2ddaf0eedd,c700ef3a-e47f-4bfc-9c49-8c7109105e31,login,,,"{""method"": ""email""}",,,2026-06-16 20:44:41.173257+00
08be9e9f-21d7-4ccf-b771-c0b1648631af,da3fab49-76d4-422a-9873-e2bcaf2f5801,login,,,"{""method"": ""email""}",,,2026-06-16 21:23:04.868735+00
1d37e9cf-740c-4300-b419-5c1511bb5161,da3fab49-76d4-422a-9873-e2bcaf2f5801,login,,,"{""method"": ""email""}",,,2026-06-16 21:24:17.920008+00
b1294c8b-1046-4949-a6e8-8f70779dc7eb,3edc984f-b4b6-450d-8d59-3b4a25c0a5de,login,,,"{""method"": ""email""}",,,2026-06-16 23:26:22.446983+00
f0cb7a21-966e-4af1-9316-3653f2d9206e,3edc984f-b4b6-450d-8d59-3b4a25c0a5de,login,,,"{""method"": ""email""}",,,2026-06-17 06:56:51.681534+00
45811503-ef8f-4027-9169-459348be94e6,da3fab49-76d4-422a-9873-e2bcaf2f5801,login,,,"{""method"": ""email""}",,,2026-06-17 08:53:32.881176+00
dd77012e-0b5b-412e-be17-15e8e14d3fd5,da3fab49-76d4-422a-9873-e2bcaf2f5801,login,,,"{""method"": ""email""}",,,2026-06-17 09:18:05.918019+00
ed710d2c-bc04-43af-bd5d-dfa3d2002778,3edc984f-b4b6-450d-8d59-3b4a25c0a5de,login,,,"{""method"": ""email""}",,,2026-06-17 09:24:09.378293+00
5d1c56da-06c6-4291-951f-3f6d6cc9c03d,3edc984f-b4b6-450d-8d59-3b4a25c0a5de,login,,,"{""method"": ""email""}",,,2026-06-17 09:40:35.250879+00
fa3052e4-907e-49a6-bf5a-2af2518cc223,3edc984f-b4b6-450d-8d59-3b4a25c0a5de,login,,,"{""method"": ""email""}",,,2026-06-17 11:41:22.113498+00
0e442d2a-e2f0-4a34-b696-e80efe87cb19,3edc984f-b4b6-450d-8d59-3b4a25c0a5de,login,,,"{""method"": ""email""}",,,2026-06-17 12:28:01.942614+00
ad4c3181-5f6b-48fc-a750-51e61342c883,3edc984f-b4b6-450d-8d59-3b4a25c0a5de,login,,,"{""method"": ""email""}",,,2026-06-17 12:34:14.043734+00
5f6ca4c7-7e37-4054-8609-264f91284c26,3edc984f-b4b6-450d-8d59-3b4a25c0a5de,login,,,"{""method"": ""email""}",,,2026-06-17 12:35:05.958736+00
87100c3c-bf9a-463a-9769-0e4848fa26f9,3edc984f-b4b6-450d-8d59-3b4a25c0a5de,login,,,"{""method"": ""email""}",,,2026-06-17 21:22:18.411551+00
53dd1555-07cb-408f-b333-a3c85e16b027,da3fab49-76d4-422a-9873-e2bcaf2f5801,login,,,"{""method"": ""email""}",,,2026-06-18 08:58:53.043247+00
b1473e5e-a7c1-4848-bb57-227f83d63418,3edc984f-b4b6-450d-8d59-3b4a25c0a5de,login,,,"{""method"": ""email""}",,,2026-06-18 09:03:04.488093+00
eee3a4f9-d04c-4b08-a355-8a9670e620aa,da3fab49-76d4-422a-9873-e2bcaf2f5801,login,,,"{""method"": ""email""}",,,2026-06-18 09:13:15.529713+00
f122c230-f8c6-478f-b0f6-95595dbe767c,3edc984f-b4b6-450d-8d59-3b4a25c0a5de,login,,,"{""method"": ""email""}",,,2026-06-18 09:47:50.190956+00
edafb542-309d-4b05-92de-19b1172d3182,da3fab49-76d4-422a-9873-e2bcaf2f5801,login,,,"{""method"": ""email""}",,,2026-06-18 15:56:38.075762+00
4ab4c4fa-da8c-412d-b88b-a6152f67b30c,3edc984f-b4b6-450d-8d59-3b4a25c0a5de,login,,,"{""method"": ""email""}",,,2026-06-18 17:52:28.990133+00
b6d47057-0d25-44a7-a1f6-cc37357ec06c,da3fab49-76d4-422a-9873-e2bcaf2f5801,login,,,"{""method"": ""email""}",,,2026-06-18 18:05:30.558954+00
ee2ee75e-7189-453d-837e-057a6f2157c8,da3fab49-76d4-422a-9873-e2bcaf2f5801,login,,,"{""method"": ""email""}",,,2026-06-19 11:30:01.486256+00
73321481-a475-4cf7-b79d-fd2d07cb01df,3edc984f-b4b6-450d-8d59-3b4a25c0a5de,login,,,"{""method"": ""email""}",,,2026-06-19 11:30:09.50784+00
d84ca7b2-b411-4e44-840c-1ef10cd12c72,001da1d1-5af2-48ad-b6e8-28f8ba9ced9b,login,,,"{""method"": ""email""}",,,2026-06-19 11:30:17.200387+00
d3619618-922f-4fdc-b3e1-849ef3d5ad3f,3edc984f-b4b6-450d-8d59-3b4a25c0a5de,login,,,"{""method"": ""email""}",,,2026-06-22 09:15:17.652075+00
c11bb2d0-e941-4e74-811c-2ae2ec71fdc1,4ad64b45-6730-45ae-aec9-0f0ad184891e,login,,,"{""method"": ""email""}",,,2026-06-22 10:51:40.079818+00
7788384a-761e-4d76-82e3-e26d46cde9f4,c700ef3a-e47f-4bfc-9c49-8c7109105e31,login,,,"{""method"": ""email""}",,,2026-06-22 10:52:28.675727+00
3c8a2533-f170-41b4-823d-53feddeeaa99,001da1d1-5af2-48ad-b6e8-28f8ba9ced9b,login,,,"{""method"": ""email""}",,,2026-06-22 11:00:12.160712+00
effaf8d6-cef8-4090-9693-fa84c1f5bbcf,3edc984f-b4b6-450d-8d59-3b4a25c0a5de,login,,,"{""method"": ""email""}",,,2026-06-22 11:27:21.890426+00
