id,created_by,title,status,date,location,description,capacity,fund_raised,created_at,updated_at
2bb45d4f-1bc2-40dd-b956-d7c97800221f,,Annual Fundraising Gala 2026,Past,2026-04-20,"The Grand Ballroom, 100 Park Ave NYC","Our signature annual fundraising event celebrating 15 years of community impact. Black-tie dinner, live auction, and keynote address.",250,67500.00,2026-05-24 21:02:13.090736+00,2026-05-24 21:02:13.090736+00
0267cbe8-d500-4c6f-84fe-79268bdf9666,,Spring Community Health Fair,Upcoming,2026-06-14,"Riverside Community Center, 500 W 145th St","Free health screenings, wellness workshops, and resource fair open to all community members. Light refreshments provided.",150,0.00,2026-05-24 21:02:13.090736+00,2026-05-24 21:02:13.090736+00
155e77c9-3d51-4e1f-bbc8-463fd68c4230,,Youth Leadership Summit,Upcoming,2026-07-22,"NYU Kimmel Center, 60 Washington Square S","A half-day summit for high school students in our youth programs featuring career panels, workshops, and networking.",200,0.00,2026-05-24 21:02:13.090736+00,2026-05-24 21:02:13.090736+00
aa6d6a07-6a91-4acc-9726-3df71db14428,,Board & Donor Cultivation Dinner,Active,2026-05-28,"The Yale Club, 50 Vanderbilt Ave NYC",An intimate dinner for major donors and prospective board members to hear about our 2026-2028 strategic plan.,60,0.00,2026-05-24 21:02:13.090736+00,2026-05-24 21:02:13.090736+00
10084594-789d-4d15-89e9-a39949dcc0c7,7c82547b-708e-42bb-bd07-56b3994fa160,Summer Leadership Summit,Upcoming,2026-07-30,Boston Convention & Exhibition Center,"Our flagship annual summit bringing together nonprofit leaders, community advocates, and major donors for a full day of keynotes, workshops, and networking. This year's theme: 'Building Resilient Communities.'",200,,2026-06-15 17:02:18.692737+00,2026-06-15 17:02:18.692737+00
51299673-f35b-43a3-8dd1-955ab7af82ff,7c82547b-708e-42bb-bd07-56b3994fa160,Monthly Community Dinner,Upcoming,2026-06-27,"Brightside Community Center, 45 Harrison Ave","Our monthly gathering for community members, volunteers, and supporters. A warm meal, meaningful connections, and program updates from our team. Open to all — no one turned away.",80,,2026-06-15 17:02:18.692737+00,2026-06-15 17:02:18.692737+00
886a4c37-21b9-4140-8820-eeb8221ac9e8,7c82547b-708e-42bb-bd07-56b3994fa160,Community Health Fair,Active,2026-06-15,Roxbury Community Park Pavilion,"Free health screenings, wellness resources, and community connections. Partnered with Health Partners Network to provide blood pressure checks, diabetes screening, mental health resources, and more.",150,,2026-06-15 17:02:18.692737+00,2026-06-15 17:02:18.692737+00
468e3db5-3070-4ea4-8347-5666a1a7d1f0,7c82547b-708e-42bb-bd07-56b3994fa160,Annual Spring Gala,Past,2026-06-10,The Boston Marriott Copley Place,"Our premier annual fundraising gala celebrating the impact of our community. An evening of dinner, dancing, live auction, and recognition of our top donors and volunteers.",150,42000,2026-06-15 17:02:18.692737+00,2026-06-15 17:02:18.692737+00
ecfbc23f-19d5-4958-84fa-2b66afad41e3,7c82547b-708e-42bb-bd07-56b3994fa160,Board Orientation Breakfast,Past,2026-05-25,"Brightside Foundation HQ, Conference Room A","Orientation and onboarding session for new board members and advisory committee additions. Covers governance responsibilities, committee assignments, and strategic priorities for the year.",25,,2026-06-15 17:02:18.692737+00,2026-06-15 17:02:18.692737+00
