id,created_by,name,email,phone,tier,status,join_date,renewal_date,employer,interests,created_at,updated_at
67664bb1-d208-45db-b83d-37183c7c89e1,,Margaret Chen,margaret.chen@brightsidefoundation.org,(212) 555-0101,Board,Active,2021-03-15,2027-03-15,Chen Capital Partners,"{Governance,Finance,""Youth Programs""}",2026-05-24 21:00:44.449457+00,2026-05-24 21:00:44.449457+00
8a04204c-5086-4b5b-bd52-92dd5d74f411,,David Okafor,david.okafor@email.com,(212) 555-0102,Professional,Active,2022-07-01,2026-07-01,Okafor & Associates Law,"{Legal,""Community Outreach""}",2026-05-24 21:00:44.449457+00,2026-05-24 21:00:44.449457+00
5b0e0cc1-9ed0-4b0f-be5d-74113189f293,,Sarah Petrova,sarah.petrova@techcorp.com,(212) 555-0103,Professional,Expiring,2023-01-20,2026-06-10,TechCorp NYC,"{Technology,Innovation}",2026-05-24 21:00:44.449457+00,2026-05-24 21:00:44.449457+00
ec33461e-c5e7-4002-9a6c-539a6cf7ecae,,James Rivera,james.rivera@brightsidefoundation.org,(212) 555-0104,Board,Active,2020-05-10,2027-05-10,Rivera Family Foundation,"{Fundraising,""Strategic Planning"",Education}",2026-05-24 21:00:44.449457+00,2026-05-24 21:00:44.449457+00
a245df3f-3a19-495a-ac80-64345b40b6fb,,Patricia Nguyen,patricia.nguyen@email.com,(212) 555-0105,General,Active,2024-02-14,2027-02-14,Nguyen Consulting,"{""Health Initiative"",Community}",2026-05-24 21:00:44.449457+00,2026-05-24 21:00:44.449457+00
1f1b332b-6626-4936-9b5d-b67d0420f3a0,,Robert Thompson,robert.thompson@email.com,(212) 555-0106,General,Lapsed,2022-11-30,2024-11-30,Thompson Media Group,"{Communications,Marketing}",2026-05-24 21:00:44.449457+00,2026-05-24 21:00:44.449457+00
07f819e0-f041-4e25-b7c4-8951ab8e3b40,,Elena Vasquez,elena.vasquez@brightsidefoundation.org,,Honorary,Active,2019-09-01,2027-09-01,City Hall — Former Commissioner,"{Policy,""Public Relations"",""Youth Programs""}",2026-05-24 21:00:44.449457+00,2026-05-24 21:00:44.449457+00
7902c1ee-bee1-450a-b8ba-dcb5693ebe21,,Marcus Williams,marcus.williams@startup.io,(212) 555-0108,Professional,Active,2023-08-15,2026-08-15,Williams Tech Startup,"{Technology,Innovation,""Youth Programs""}",2026-05-24 21:00:44.449457+00,2026-05-24 21:00:44.449457+00
9124531e-feee-422a-aa16-fe361321de8f,,Linda Hoffman,linda.hoffman@email.com,(212) 555-0109,General,Expiring,2023-06-01,2026-06-15,Hoffman Real Estate,"{""Real Estate"",Community}",2026-05-24 21:00:44.449457+00,2026-05-24 21:00:44.449457+00
daead8bd-03b1-431f-bb6f-a7f137b68a2c,,Thomas Kim,thomas.kim@email.com,(212) 555-0110,General,Pending,,,Kim Financial Services,"{Finance,""Community Outreach""}",2026-05-24 21:00:44.449457+00,2026-05-24 21:00:44.449457+00
cd5baeb7-51de-4a6a-804e-73849fc39cc5,7c82547b-708e-42bb-bd07-56b3994fa160,Angela Torres,angela.torres@email.com,(617) 555-0101,General,Active,2024-06-15,2026-12-12,Boston Public Schools,"{""Youth Programs"",Education,Mentorship}",2026-06-15 17:01:31.566411+00,2026-06-15 17:01:31.566411+00
ee5072d8-ad48-4017-8011-d9f87d0ca7bd,7c82547b-708e-42bb-bd07-56b3994fa160,Marcus Webb,marcus.webb@email.com,,General,Active,2024-12-22,2027-01-11,Webb Construction,"{""Community Development"",Workforce}",2026-06-15 17:01:31.566411+00,2026-06-15 17:01:31.566411+00
751f1ab1-0012-4c82-870b-ec4684c4ec81,7c82547b-708e-42bb-bd07-56b3994fa160,Sandra Osei,sandra.osei@email.com,(617) 555-0103,General,Active,2025-05-11,2026-09-18,,"{Health,""Family Services""}",2026-06-15 17:01:31.566411+00,2026-06-15 17:01:31.566411+00
e5a156bd-caf0-420f-8b7f-4887a687dcf5,7c82547b-708e-42bb-bd07-56b3994fa160,Daniel Flores,d.flores@email.com,,General,Active,2025-08-19,2026-08-19,Flores Media,"{Communications,Fundraising}",2026-06-15 17:01:31.566411+00,2026-06-15 17:01:31.566411+00
a1c27546-bb52-4b44-8eec-6e45d5f0f355,7c82547b-708e-42bb-bd07-56b3994fa160,Nadia Okafor,nadia.okafor@email.com,(617) 555-0105,General,Expiring,2025-06-25,2026-06-25,,"{""Digital Literacy"",Youth}",2026-06-15 17:01:31.566411+00,2026-06-15 17:01:31.566411+00
c2a6006c-df3a-4d0f-8853-f47e2bc35a26,7c82547b-708e-42bb-bd07-56b3994fa160,Chris Bailey,c.bailey@email.com,,General,Expiring,2025-06-20,2026-06-20,,"{Environment,""Community Garden""}",2026-06-15 17:01:31.566411+00,2026-06-15 17:01:31.566411+00
2b4d3be0-cdf2-42fc-8f35-ce8b961be1a1,7c82547b-708e-42bb-bd07-56b3994fa160,Yuki Tanaka,yuki.tanaka@email.com,,General,Lapsed,2025-05-11,2026-05-11,Tanaka Design,"{Arts,Culture}",2026-06-15 17:01:31.566411+00,2026-06-15 17:01:31.566411+00
52933304-fd68-4be6-805d-81408a0210c8,7c82547b-708e-42bb-bd07-56b3994fa160,Omar Hassan,omar.hassan@email.com,(617) 555-0108,General,Lapsed,2025-01-31,2026-04-16,,"{Advocacy,Policy}",2026-06-15 17:01:31.566411+00,2026-06-15 17:01:31.566411+00
293247d2-5075-479a-8b4d-903a1b27138f,7c82547b-708e-42bb-bd07-56b3994fa160,Emily Saunders,emily.s@email.com,,General,Pending,2026-06-08,2027-06-08,Saunders Consulting,"{""Nonprofit Strategy"",Governance}",2026-06-15 17:01:31.566411+00,2026-06-15 17:01:31.566411+00
08559d32-bac2-4260-8794-178478c422d1,7c82547b-708e-42bb-bd07-56b3994fa160,Dr. Alicia Ramos,a.ramos@healthpartners.org,(617) 555-0110,Professional,Active,2024-06-25,2027-02-15,Health Partners Network,"{""Public Health"",Research,Grants}",2026-06-15 17:01:31.566411+00,2026-06-15 17:01:31.566411+00
372acd84-48e3-4650-8122-0ab400b45248,7c82547b-708e-42bb-bd07-56b3994fa160,Kevin Park,kevin.park@kpmg.com,,Professional,Active,2024-10-23,2026-10-13,KPMG,"{Finance,""Nonprofit Auditing""}",2026-06-15 17:01:31.566411+00,2026-06-15 17:01:31.566411+00
a2d62b39-b4b0-402b-892b-d4d354fe300c,7c82547b-708e-42bb-bd07-56b3994fa160,Jennifer Walsh,j.walsh@lawfirm.com,(617) 555-0112,Professional,Active,2025-03-22,2027-03-17,Walsh & Associates,"{""Legal Aid"",""Pro Bono""}",2026-06-15 17:01:31.566411+00,2026-06-15 17:01:31.566411+00
e2b3dc74-8a20-44b9-895d-a2b2f06e8365,7c82547b-708e-42bb-bd07-56b3994fa160,Thomas Rivera,t.rivera@email.com,,Professional,Expiring,2025-06-18,2026-06-18,Rivera Financial,"{""Wealth Management"",Philanthropy}",2026-06-15 17:01:31.566411+00,2026-06-15 17:01:31.566411+00
d4d24225-e6af-4f19-8fa4-479b05984323,7c82547b-708e-42bb-bd07-56b3994fa160,Priya Mehta,priya.mehta@tech.com,,Professional,Expiring,2025-06-30,2026-06-30,TechBridge Solutions,"{Technology,""Digital Inclusion""}",2026-06-15 17:01:31.566411+00,2026-06-15 17:01:31.566411+00
4ab9015a-fad7-458c-82b1-2bb14d0ce9ba,7c82547b-708e-42bb-bd07-56b3994fa160,Carlos Diaz,carlos.diaz@email.com,(617) 555-0115,Professional,Lapsed,2025-02-20,2026-05-01,,"{""Real Estate"",""Community Housing""}",2026-06-15 17:01:31.566411+00,2026-06-15 17:01:31.566411+00
23d6c6a7-d8a2-4af9-8a00-20f8fd411e33,7c82547b-708e-42bb-bd07-56b3994fa160,Patricia Lee,p.lee@brightsideboard.org,(617) 555-0116,Board,Active,2023-03-03,2027-06-15,Lee Foundation,"{Governance,""Strategic Planning"",""Major Gifts""}",2026-06-15 17:01:31.566411+00,2026-06-15 17:01:31.566411+00
e31b8e43-0096-4b9b-8bd5-a3f5a009697f,7c82547b-708e-42bb-bd07-56b3994fa160,Robert Kim,r.kim@brightsideboard.org,,Board,Active,2023-12-28,2027-04-11,Kim Enterprises,"{Finance,Operations,Audit}",2026-06-15 17:01:31.566411+00,2026-06-15 17:01:31.566411+00
3995ab96-3f37-40b2-8eae-2a055ffa0171,7c82547b-708e-42bb-bd07-56b3994fa160,Sarah Mitchell,s.mitchell@brightsideboard.org,(617) 555-0118,Board,Active,2022-05-07,2026-12-12,Mitchell Group,"{Fundraising,Communications,Events}",2026-06-15 17:01:31.566411+00,2026-06-15 17:01:31.566411+00
5b9286e5-ed11-4cb8-8e52-07222c7ba858,7c82547b-708e-42bb-bd07-56b3994fa160,Mayor Gloria Chen,g.chen@boston.gov,,Honorary,Active,2024-04-06,2027-06-15,City of Boston,"{""Community Development"",Policy}",2026-06-15 17:01:31.566411+00,2026-06-15 17:01:31.566411+00
2e484e13-2db1-4df4-8cc2-a29f146f0b22,7c82547b-708e-42bb-bd07-56b3994fa160,Dr. James Wright,j.wright@university.edu,,Honorary,Active,2023-09-19,2027-06-15,Northeastern University,"{Research,Education,Youth}",2026-06-15 17:01:31.566411+00,2026-06-15 17:01:31.566411+00
