id,role,resource_type,resource_key,granted,created_at
860e4c3f-8ab4-4de3-b7fc-71437edcdb32,executive_director,module,data-health,t,2026-05-06 16:38:11.509346+00
747a71f1-4676-4c6a-9aa6-421d2952de2c,executive_director,module,grants,t,2026-05-06 16:38:11.509346+00
dcbc72b7-51c9-41ec-80b2-d99244e253dc,executive_director,module,events,t,2026-05-06 16:38:11.509346+00
1dab693e-52a3-4648-aa63-6a44bc10147d,executive_director,module,board-reports,t,2026-05-06 16:38:11.509346+00
9b66c961-dabf-4c53-927e-e15ef1cf1ab3,executive_director,module,reconciliation,t,2026-05-06 16:38:11.509346+00
56fbf2ab-6cc5-4b01-874f-fda6f3e2469e,executive_director,module,donor-pipeline,t,2026-05-06 16:38:11.509346+00
7e82c009-f5dd-4bd5-9086-2ecd210c06fd,executive_director,module,business-dev,t,2026-05-06 16:38:11.509346+00
86fcb2f5-3003-4ccf-821b-9da1a93d89ca,executive_director,module,meetings,t,2026-05-06 16:38:11.509346+00
8f979824-8493-48fd-ac9e-4e5150b766b4,executive_director,module,knowledge,t,2026-05-06 16:38:11.509346+00
915d6c26-2f31-411d-841b-16203b1ee120,executive_director,module,actions,t,2026-05-06 16:38:11.509346+00
f0af293e-2fab-427e-9f2a-2caa75d8e000,executive_director,module,projects,t,2026-05-06 16:38:11.509346+00
f16f8d0f-5fe8-466a-9449-1e047158a714,executive_director,module,ai-agents,t,2026-05-06 16:38:11.509346+00
349d70bf-42a7-4348-9be6-63fe5913b791,executive_director,module,ai-chat,t,2026-05-06 16:38:11.509346+00
9742bb01-a60a-4838-aae1-bc23b060c938,executive_director,module,voice-notes,t,2026-05-06 16:38:11.509346+00
ed7990e3-8040-4249-916a-69d656b4faa7,executive_director,agent,crm-data-integrity,t,2026-05-06 16:38:11.509346+00
e5c6a881-dead-4f83-b271-2f4dfd1df160,executive_director,agent,reconciliation-fund-accounting,t,2026-05-06 16:38:11.509346+00
685dfae2-04e3-4ea1-9942-5ce9940d4445,executive_director,agent,grant-compliance,t,2026-05-06 16:38:11.509346+00
7be47c03-f6d9-4465-9174-86dc97198810,executive_director,agent,event-intelligence,t,2026-05-06 16:38:11.509346+00
7febac59-5462-41c5-9dce-21d58e25665c,executive_director,agent,board-reporting,t,2026-05-06 16:38:11.509346+00
7ed3e575-5ebb-4bc0-ab66-4382a157ace9,executive_director,agent,quick-email,t,2026-05-06 16:38:11.509346+00
23d0d896-b198-44cc-854e-b8055aa1f971,executive_director,agent,deal-ai-chat,t,2026-05-06 16:38:11.509346+00
9c157bac-beed-4ecb-8ce1-152cb7ff25c0,executive_director,agent,upgrade-spotter,t,2026-05-06 16:38:11.509346+00
38db9331-1f1e-409a-970c-f7ff2c463cc0,executive_director,agent,event-converter,t,2026-05-06 16:38:11.509346+00
6caf8edf-0fe2-43bc-a10a-9e53d4b4a773,executive_director,agent,meeting-summarizer,t,2026-05-06 16:38:11.509346+00
c8908ac4-a0f9-498b-a810-4f9f833441a9,executive_director,agent,action-extractor,t,2026-05-06 16:38:11.509346+00
d41dc772-5488-483e-92de-3b8ce2e957bb,executive_director,agent,client-call-analyzer,t,2026-05-06 16:38:11.509346+00
4ea72fba-99fe-4d56-b5ed-0e5015e35fdd,executive_director,agent,efficiency-analyzer,t,2026-05-06 16:38:11.509346+00
21be2901-2f95-41f3-8ec3-137388facf05,executive_director,agent,pod-health,t,2026-05-06 16:38:11.509346+00
1464f078-a1d2-454f-bc11-8265996f3b49,executive_director,agent,project-analyst,t,2026-05-06 16:38:11.509346+00
3526d733-da5d-4dfd-b595-605edba3b0f9,executive_director,agent,bug-feature-planner,t,2026-05-06 16:38:11.509346+00
e95676b2-7d88-4de6-a748-602adf671c05,executive_director,agent,technical-planner,t,2026-05-06 16:38:11.509346+00
0d29c5db-608a-4dc5-8f82-7be932c61625,executive_director,agent,grant-budget-watcher,t,2026-05-06 16:38:11.509346+00
86113691-6322-4d6e-9e51-842e93c01e00,executive_director,agent,integration-health-monitor,t,2026-05-06 16:38:11.509346+00
56f8f466-24e0-4255-ad41-3f2c74870b93,executive_director,agent,onboarding-checklist-ai,t,2026-05-06 16:38:11.509346+00
0a4b5ee1-b51b-4a73-9e97-817b4961ce41,development_director,module,business-dev,t,2026-05-06 16:38:11.509346+00
90f06096-e60e-4e59-b131-c3971a8f1614,development_director,module,meetings,t,2026-05-06 16:38:11.509346+00
b7189bc2-6aa6-4575-8063-848ef715eb41,development_director,module,knowledge,t,2026-05-06 16:38:11.509346+00
2e0a14a9-4194-4e18-a891-1aee03790432,development_director,module,actions,t,2026-05-06 16:38:11.509346+00
285b384c-bad2-4977-943a-93efa316e2c6,development_director,module,ai-agents,t,2026-05-06 16:38:11.509346+00
e88c4f29-36a7-4d2e-a525-721f43d73079,development_director,module,ai-chat,t,2026-05-06 16:38:11.509346+00
603b62a4-88f8-4413-8390-b66abc9a03c7,development_director,module,events,t,2026-05-06 16:38:11.509346+00
d6fe94e6-97f3-4a60-b143-015c8b8e7b3c,development_director,module,grants,t,2026-05-06 16:38:11.509346+00
b664f447-d1b3-4753-8a55-be5c28da13e3,development_director,module,donor-pipeline,t,2026-05-06 16:38:11.509346+00
b09dc4b4-8993-4404-b052-0b2ead1485f5,development_director,agent,quick-email,t,2026-05-06 16:38:11.509346+00
16e6e31f-02ed-4da1-bf93-95f322b1ad01,development_director,agent,deal-ai-chat,t,2026-05-06 16:38:11.509346+00
b369ed77-c533-445e-b3d7-d53aa6bfde8e,development_director,agent,upgrade-spotter,t,2026-05-06 16:38:11.509346+00
ed139c93-a8c5-4b5e-a679-e3884783bc11,development_director,agent,event-converter,t,2026-05-06 16:38:11.509346+00
7a335f49-8512-4b56-a541-ca349f97af26,development_director,agent,meeting-summarizer,t,2026-05-06 16:38:11.509346+00
2f176557-573d-4cb3-a5b4-66e0296dc977,development_director,agent,action-extractor,t,2026-05-06 16:38:11.509346+00
eab59141-6d3f-4fe5-bb95-dedb097830dd,development_director,agent,client-call-analyzer,t,2026-05-06 16:38:11.509346+00
087c38c0-18d4-49c6-b3a3-e77fd6fb6a7b,development_director,agent,event-intelligence,t,2026-05-06 16:38:11.509346+00
a2c8907b-99b5-45a1-ad96-60458a0c3f60,development_director,agent,grant-compliance,t,2026-05-06 16:38:11.509346+00
006e561b-73b3-4f3b-90ef-904695eef5ed,finance_manager,module,reconciliation,t,2026-05-06 16:38:11.509346+00
1480c16a-50a6-44ec-bf0d-fe473db9e330,finance_manager,module,meetings,t,2026-05-06 16:38:11.509346+00
f1790f96-f0fd-453e-ab85-facceffc8f31,finance_manager,module,knowledge,t,2026-05-06 16:38:11.509346+00
3a9ee2b1-5c6e-4fb2-9b62-0475946627ca,finance_manager,module,actions,t,2026-05-06 16:38:11.509346+00
14a3c6dd-527e-4dad-9684-ea57e8ef8bb7,finance_manager,module,ai-agents,t,2026-05-06 16:38:11.509346+00
0313fa25-81d5-4505-92ad-6bfdaa2a416d,finance_manager,module,ai-chat,t,2026-05-06 16:38:11.509346+00
9fa7e934-6697-4faf-bc9e-fe0e1d0bbbcc,finance_manager,module,grants,t,2026-05-06 16:38:11.509346+00
4fb2fdde-6e64-4789-99af-f7c2d5c808aa,finance_manager,agent,reconciliation-fund-accounting,t,2026-05-06 16:38:11.509346+00
8817efe9-8912-4911-a5df-7c54a66b19d4,finance_manager,agent,meeting-summarizer,t,2026-05-06 16:38:11.509346+00
8b4a7054-329a-4f7c-bf96-f14faa06334a,finance_manager,agent,action-extractor,t,2026-05-06 16:38:11.509346+00
f8427dea-f6fc-4124-9c77-72f165c50b7c,finance_manager,agent,grant-budget-watcher,t,2026-05-06 16:38:11.509346+00
833bcda3-f679-4d1c-a11d-174b5e1f51c8,finance_manager,agent,grant-compliance,t,2026-05-06 16:38:11.509346+00
c2611b22-f9da-4c29-89ad-441987c54f6e,operations_manager,module,data-health,t,2026-05-06 16:38:11.509346+00
11400cc7-b1cb-47f0-8773-52001556d450,operations_manager,module,projects,t,2026-05-06 16:38:11.509346+00
e968ec25-54e0-4a83-bf97-d83301d401fe,operations_manager,module,meetings,t,2026-05-06 16:38:11.509346+00
0087a399-16df-4226-aab8-a185dfc47bf3,operations_manager,module,knowledge,t,2026-05-06 16:38:11.509346+00
60dba345-3fda-42d2-bf55-f2076503eb4e,operations_manager,module,actions,t,2026-05-06 16:38:11.509346+00
005103ce-16d9-4b2f-9079-28f0d6561c5b,operations_manager,module,ai-agents,t,2026-05-06 16:38:11.509346+00
b2b69bc0-442f-4656-a3a8-37877f6c5828,operations_manager,module,ai-chat,t,2026-05-06 16:38:11.509346+00
6eba425d-3ae3-4404-b0ca-7fe1f952f79c,operations_manager,agent,crm-data-integrity,t,2026-05-06 16:38:11.509346+00
83ab0904-291b-44e9-9237-57f280b4320d,operations_manager,agent,project-analyst,t,2026-05-06 16:38:11.509346+00
50166d43-9058-473e-958e-5478bf9c7985,operations_manager,agent,bug-feature-planner,t,2026-05-06 16:38:11.509346+00
28836710-69c2-4fe5-90a0-f1bf905342be,operations_manager,agent,technical-planner,t,2026-05-06 16:38:11.509346+00
92fe8d10-3182-4440-87df-d8e7dfa30190,operations_manager,agent,meeting-summarizer,t,2026-05-06 16:38:11.509346+00
6096ac90-e504-4513-be1d-742e98dd12cc,operations_manager,agent,action-extractor,t,2026-05-06 16:38:11.509346+00
5acd282f-84b5-4f6b-b98c-3fd055e77ecb,operations_manager,agent,efficiency-analyzer,t,2026-05-06 16:38:11.509346+00
a957e5c4-c27b-45aa-b82e-50c4ce0c8d7c,operations_manager,agent,pod-health,t,2026-05-06 16:38:11.509346+00
24f4313c-0edf-4226-b544-1485e7371421,operations_manager,agent,integration-health-monitor,t,2026-05-06 16:38:11.509346+00
32966f55-a789-469f-a30d-408bea542334,operations_manager,agent,onboarding-checklist-ai,t,2026-05-06 16:38:11.509346+00
78970290-f055-45ba-9ca2-2da52f957105,executive_director,module,donor-retention,t,2026-05-06 17:31:02.345298+00
c4cf6791-4f78-491f-90a5-58083c47ffd0,executive_director,module,programs,t,2026-05-06 17:31:02.345298+00
26ff9ba6-cc0f-4a70-9b23-22eb7e88c62e,executive_director,module,communications,t,2026-05-06 17:31:02.345298+00
2e9d7478-5907-4977-86bb-53e6ec1657a1,executive_director,module,agent-activity,t,2026-05-06 17:31:02.345298+00
7f7c36df-f24d-42a4-b4cf-e213f2479a55,development_director,module,donor-retention,t,2026-05-06 17:31:02.345298+00
90dfed24-96bd-4120-90fa-a33206cee7bc,development_director,module,communications,t,2026-05-06 17:31:02.345298+00
3dd98b28-516a-49b6-8c4a-ff9c542156e3,development_director,module,programs,t,2026-05-06 17:31:02.345298+00
52796ae1-337e-4a6c-ad8d-54ad847b8ac5,finance_manager,module,programs,t,2026-05-06 17:31:02.345298+00
5ac237f2-771f-4af3-ac6f-f0749560afe4,operations_manager,module,agent-activity,t,2026-05-06 17:31:02.345298+00
3bccd2a1-be37-443a-b6d2-27bc2e4498ef,operations_manager,module,programs,t,2026-05-06 17:31:02.345298+00
c39d223c-cf76-490c-a336-f763fee96916,operations_manager,module,communications,t,2026-05-06 17:31:02.345298+00
