id,volunteer_id,event_name,date,hours,status,created_at,updated_at
7ce963b5-9d4b-48b8-adb0-b91b7b3abe84,749f232a-a31d-43f0-a818-0a96a4599aec,Spring Health Fair Setup,2026-06-14,4.0,Upcoming,2026-05-24 21:01:14.794466+00,2026-05-24 21:01:14.794466+00
d9a860ea-775d-4812-a1f2-3ae857c21196,749f232a-a31d-43f0-a818-0a96a4599aec,Annual Fundraising Gala,2026-04-20,6.0,Completed,2026-05-24 21:01:14.794466+00,2026-05-24 21:01:14.794466+00
9fdcb7ee-12a4-4f2c-bd93-672a15a50528,a20f7ef4-7d77-439a-8c90-3c396f670531,Summer Orientation,2026-07-12,4.0,Upcoming,2026-05-24 21:01:14.794466+00,2026-05-24 21:01:14.794466+00
30ed7fbe-b799-454d-9487-4aafbca4ad1d,a20f7ef4-7d77-439a-8c90-3c396f670531,Tech Infrastructure Day,2026-05-10,8.0,Completed,2026-05-24 21:01:14.794466+00,2026-05-24 21:01:14.794466+00
c9be13de-5d51-4b28-a778-df229ddf63ff,0116b28a-6404-47b6-a353-e4c4ea38dd63,Youth Tutoring Program - June,2026-06-07,3.0,Upcoming,2026-05-24 21:01:14.794466+00,2026-05-24 21:01:14.794466+00
e8a28236-c700-4e84-b0ff-e7bb2ea15fea,0116b28a-6404-47b6-a353-e4c4ea38dd63,Youth Tutoring Program - May,2026-05-03,3.0,Completed,2026-05-24 21:01:14.794466+00,2026-05-24 21:01:14.794466+00
d42d0a64-56f5-4724-abc7-d3f3323d1a8e,0116b28a-6404-47b6-a353-e4c4ea38dd63,Youth Tutoring Program - April,2026-04-05,3.0,Completed,2026-05-24 21:01:14.794466+00,2026-05-24 21:01:14.794466+00
5b87297a-4602-4599-b285-8223b0227c94,4a407023-50db-42be-99a8-55bd3bfd5853,Audit Prep Day,2026-03-22,5.5,Completed,2026-05-24 21:01:14.794466+00,2026-05-24 21:01:14.794466+00
c1bb04b5-2398-439c-8ff4-21c9803b1a44,84c5c3d1-5421-44ec-9433-de7e57d53b92,Grant Writing Workshop,2026-05-30,4.0,Completed,2026-05-24 21:01:14.794466+00,2026-05-24 21:01:14.794466+00
69489976-3567-42e7-8206-95dec36b0fd0,84c5c3d1-5421-44ec-9433-de7e57d53b92,Annual Fundraising Gala,2026-04-20,7.0,Completed,2026-05-24 21:01:14.794466+00,2026-05-24 21:01:14.794466+00
7bc0dd9c-a631-4cb2-9ecc-2d15d117f7e7,f537dde6-1396-4f23-aaa5-32bc1335cdeb,Annual Fundraising Gala,2026-04-20,8.0,Completed,2026-05-24 21:01:14.794466+00,2026-05-24 21:01:14.794466+00
f252bbb6-af7d-4137-a6c6-9b431d8e499c,28382bd1-2ab3-49a1-bb2f-1e9267a822f4,Summer Picnic Prep,2026-07-18,5.0,Upcoming,2026-05-24 21:01:14.794466+00,2026-05-24 21:01:14.794466+00
b57bab7d-5881-44f1-a4b3-38d7721bbd87,28382bd1-2ab3-49a1-bb2f-1e9267a822f4,Community Food Drive,2026-04-19,6.0,Completed,2026-05-24 21:01:14.794466+00,2026-05-24 21:01:14.794466+00
fb18cb0a-33a6-4fa2-836e-9985d54cb75a,28382bd1-2ab3-49a1-bb2f-1e9267a822f4,Community Food Drive,2026-03-15,6.0,Completed,2026-05-24 21:01:14.794466+00,2026-05-24 21:01:14.794466+00
f4070a26-67d6-40e8-aed4-2f6c59dd5e59,c6acce98-1e80-4751-9618-f1bdc53cb9ab,Social Media Takeover Day,2026-05-15,4.0,Completed,2026-05-24 21:01:14.794466+00,2026-05-24 21:01:14.794466+00
e0956fb7-fdec-4c20-8ff2-23bd1e4be6e2,8bef06fd-cd96-4ce9-8bab-23332204b6f0,Spring Gala Setup,2026-06-10,4,Completed,2026-06-15 17:01:47.213906+00,2026-06-15 17:01:47.213906+00
1b86ee90-0a7e-4eea-86f1-8442273db46e,8bef06fd-cd96-4ce9-8bab-23332204b6f0,Youth Mentorship Session,2026-06-22,2,Upcoming,2026-06-15 17:01:47.213906+00,2026-06-15 17:01:47.213906+00
5ff7759f-db02-4ced-851b-340ceeb908aa,cebbdf24-0cdf-47dc-8f42-6f2ac1f466ce,Community Health Fair,2026-05-25,6,Completed,2026-06-15 17:01:47.213906+00,2026-06-15 17:01:47.213906+00
c5685f3a-f719-4879-8778-9ec9b39dd4c6,cebbdf24-0cdf-47dc-8f42-6f2ac1f466ce,Summer Leadership Summit,2026-07-30,8,Upcoming,2026-06-15 17:01:47.213906+00,2026-06-15 17:01:47.213906+00
5b442746-e1c6-4d01-8195-4fd2c3a05fde,0e119d63-378c-466e-869e-b9b932195e9a,Tech Training Workshop,2026-06-01,3,Completed,2026-06-15 17:01:47.213906+00,2026-06-15 17:01:47.213906+00
c4b5ef29-9766-4f72-891c-9065f59fbe61,0e119d63-378c-466e-869e-b9b932195e9a,Community Dinner,2026-06-27,4,Upcoming,2026-06-15 17:01:47.213906+00,2026-06-15 17:01:47.213906+00
b04e98cc-9494-4a5d-8918-6253ee968223,1826d7a2-a053-4ecd-8fe6-ef3a71b9b0e5,Spring Gala,2026-06-10,6,Completed,2026-06-15 17:01:47.213906+00,2026-06-15 17:01:47.213906+00
98373416-0e3b-48a3-8b71-ec0acdc34c1d,1826d7a2-a053-4ecd-8fe6-ef3a71b9b0e5,Summer Leadership Summit,2026-07-30,8,Upcoming,2026-06-15 17:01:47.213906+00,2026-06-15 17:01:47.213906+00
12a7f818-d041-4d5d-834a-639d323cf872,136376f8-638a-4135-89f8-85d6d2df6dbd,Community Health Fair,2026-05-25,8,Completed,2026-06-15 17:01:47.213906+00,2026-06-15 17:01:47.213906+00
5854cb7a-78b6-48ca-8dbf-d74a9555924d,136376f8-638a-4135-89f8-85d6d2df6dbd,Health Screening Drive,2026-07-15,6,Upcoming,2026-06-15 17:01:47.213906+00,2026-06-15 17:01:47.213906+00
b2ac79d2-3d60-48ff-8e05-e0151df63d57,7d3cbdc3-ae45-451e-86c5-bb70ef964beb,Monthly Community Dinner,2026-05-16,3,Completed,2026-06-15 17:01:47.213906+00,2026-06-15 17:01:47.213906+00
7eb9c8d3-17b1-4f24-8b89-c5418a411c0e,7d3cbdc3-ae45-451e-86c5-bb70ef964beb,Monthly Community Dinner,2026-06-27,3,Upcoming,2026-06-15 17:01:47.213906+00,2026-06-15 17:01:47.213906+00
3e44225c-dc0b-4cf7-89f3-0316facf7ec6,839142b6-25db-492b-8fde-0550dda637ef,Board Orientation Breakfast,2026-05-25,4,Completed,2026-06-15 17:01:47.213906+00,2026-06-15 17:01:47.213906+00
691f0cd0-3ce1-49f5-8585-be6c491c71a3,839142b6-25db-492b-8fde-0550dda637ef,Community Dinner,2026-06-27,3,Upcoming,2026-06-15 17:01:47.213906+00,2026-06-15 17:01:47.213906+00
dfd7ca8c-f370-4350-8dc8-628e7a3a43e4,3f86f7e3-7b44-4924-8956-b1fe553f1125,Volunteer Orientation,2026-06-01,2,Completed,2026-06-15 17:01:47.213906+00,2026-06-15 17:01:47.213906+00
76ee65a5-3d3e-47db-84b9-af97a20c4e35,3f86f7e3-7b44-4924-8956-b1fe553f1125,Summer Leadership Summit,2026-07-30,4,Upcoming,2026-06-15 17:01:47.213906+00,2026-06-15 17:01:47.213906+00
a0249466-a49f-46a6-8758-df9b7f0f76f4,34e1d7b6-a602-4474-8c51-da205c1e544d,Youth Mentorship Session,2026-06-08,2,Completed,2026-06-15 17:01:47.213906+00,2026-06-15 17:01:47.213906+00
d9aba5ff-862e-4da3-810d-9d4659157f97,34e1d7b6-a602-4474-8c51-da205c1e544d,Youth Mentorship Session,2026-06-22,2,Upcoming,2026-06-15 17:01:47.213906+00,2026-06-15 17:01:47.213906+00
00f3eda4-9d34-4e4b-8122-d432d3da10d7,860e7db7-163e-4dad-8fcc-f0d51f11c740,Spring Gala,2026-06-10,8,Completed,2026-06-15 17:01:47.213906+00,2026-06-15 17:01:47.213906+00
6a3f1eba-1abb-4596-8636-ad49aa77789a,860e7db7-163e-4dad-8fcc-f0d51f11c740,Community Dinner,2026-06-27,3,Upcoming,2026-06-15 17:01:47.213906+00,2026-06-15 17:01:47.213906+00
ee3787d1-3039-4253-8a4b-f8f661fd75d7,48f965a9-9ac2-4827-8fef-2c898dcd1001,Community Health Fair,2026-05-25,6,Completed,2026-06-15 17:01:47.213906+00,2026-06-15 17:01:47.213906+00
5181c4f2-bfe2-4bbd-8bc7-c8842742645e,48f965a9-9ac2-4827-8fef-2c898dcd1001,Health Screening Drive,2026-07-15,6,Upcoming,2026-06-15 17:01:47.213906+00,2026-06-15 17:01:47.213906+00
d55f2e99-b0dd-4e95-884c-d460c5e42c00,08930422-421a-4b64-8e11-61b7dfda4ceb,Phone Banking Session,2026-06-05,3,Completed,2026-06-15 17:01:47.213906+00,2026-06-15 17:01:47.213906+00
2242033d-97cd-4d9e-860f-cade0ed69eb4,08930422-421a-4b64-8e11-61b7dfda4ceb,Annual Fund Drive,2026-07-05,3,Upcoming,2026-06-15 17:01:47.213906+00,2026-06-15 17:01:47.213906+00
4d5358bf-8145-45da-8614-b98d19fdc12a,04dbeb0e-00b8-497f-8040-d3171d144a8d,Community Dinner,2026-05-16,3,Completed,2026-06-15 17:01:47.213906+00,2026-06-15 17:01:47.213906+00
ab510d75-0a6f-4b7e-835e-0cf57c3c4a31,04dbeb0e-00b8-497f-8040-d3171d144a8d,Community Dinner,2026-06-27,3,Upcoming,2026-06-15 17:01:47.213906+00,2026-06-15 17:01:47.213906+00
d039170d-a76c-4f29-8c26-85d3046e513f,3b9ef0a9-c7ec-41bd-8afc-0d61deaf9272,Spring Gala,2026-06-10,10,Completed,2026-06-15 17:01:47.213906+00,2026-06-15 17:01:47.213906+00
969d18e6-019b-47b4-8a34-09d7ffe45e8e,3b9ef0a9-c7ec-41bd-8afc-0d61deaf9272,Summer Leadership Summit,2026-07-30,8,Upcoming,2026-06-15 17:01:47.213906+00,2026-06-15 17:01:47.213906+00
be25a357-ed80-4b9b-89de-1aa772031402,21609218-a3b9-48d3-8fd4-e2641234b1df,Youth Mentorship Session,2026-06-08,2,Cancelled,2026-06-15 17:01:47.213906+00,2026-06-15 17:01:47.213906+00
980d8d28-bc53-41f4-8357-f2953808ecc8,21609218-a3b9-48d3-8fd4-e2641234b1df,Youth Mentorship Session,2026-06-22,2,Upcoming,2026-06-15 17:01:47.213906+00,2026-06-15 17:01:47.213906+00
