id,user_id,role,agency_role,is_eos_user,created_at,updated_at
47dfa8e3-7b04-40ad-a7cc-57076090ec32,c3aa8ac5-1122-41f2-8c61-d9d7bbb09874,user,pm,f,2026-03-05 20:43:14.785646+00,2026-03-05 20:43:14.785646+00
b2136357-f1c1-4d5d-a0c3-4986dd38ce9b,a41f81fa-7365-41a3-bfb4-3cb73fed7d93,user,owner,f,2026-03-06 09:31:32.135902+00,2026-03-06 09:31:32.135902+00
c0de4542-b078-4919-b65b-fbd3351e1e17,4b77b821-85ad-45af-918c-6cf398eaeb00,user,finance_manager,f,2026-03-09 17:13:47.297261+00,2026-03-09 17:13:47.297261+00
2346a6d2-6d23-4fcd-8c45-a8781fba8168,c700ef3a-e47f-4bfc-9c49-8c7109105e31,user,finance_manager,f,2026-03-09 17:54:30.26971+00,2026-03-09 17:54:30.26971+00
18f73cec-ea02-4ff5-8905-db5bab5b97e9,4ad64b45-6730-45ae-aec9-0f0ad184891e,user,operations_manager,f,2026-03-09 17:55:25.981414+00,2026-03-09 17:55:25.981414+00
ee8d1cf1-8d59-4a05-8042-6d14b18f771f,06ecc0ba-ca6e-4e21-9f9e-4845c3c2e191,user,executive_director,f,2026-05-06 06:53:39.765281+00,2026-05-06 06:53:39.765281+00
0d322de0-43fa-4f81-beab-1c38222ee543,001da1d1-5af2-48ad-b6e8-28f8ba9ced9b,user,executive_director,f,2026-05-19 09:56:12.85552+00,2026-05-19 09:56:12.85552+00
9da1be31-526e-43e0-a8d5-ae94a8bd6924,3edc984f-b4b6-450d-8d59-3b4a25c0a5de,user,executive_director,f,2026-05-04 21:25:09.229521+00,2026-05-04 21:25:09.229521+00
a53be589-7103-4267-9dae-ae97318cb7bc,da3fab49-76d4-422a-9873-e2bcaf2f5801,user,executive_director,f,2026-06-16 19:13:00.077641+00,2026-06-16 19:13:00.077641+00
