id,user_id,role,created_at
25303588-d5a5-43a1-bab6-bebb7f6c53fc,7c82547b-708e-42bb-bd07-56b3994fa160,admin,2026-03-05 06:55:38.585098+00
1888711b-f891-484a-99e5-d7023868285d,97f64deb-e072-4c9f-9973-063db5e3acbc,admin,2026-03-05 18:08:14.263805+00
94834fb0-6c07-485b-8ccc-87c82a4a55af,42f76336-b0a1-47a0-801e-0f51aa39b2f5,moderator,2026-03-05 18:08:14.992172+00
9ac32284-ad1d-4768-ab67-caf0734b38b2,4b77b821-85ad-45af-918c-6cf398eaeb00,user,2026-03-05 18:08:15.485729+00
7bcb70b0-9b52-4127-8408-a0555d65bdc1,001da1d1-5af2-48ad-b6e8-28f8ba9ced9b,moderator,2026-03-09 17:51:52.218743+00
32a0697c-9963-4b27-967c-26144e352225,c700ef3a-e47f-4bfc-9c49-8c7109105e31,user,2026-03-09 17:51:52.746837+00
0549020f-c146-42c1-889a-660527075549,4ad64b45-6730-45ae-aec9-0f0ad184891e,user,2026-03-09 17:51:53.274715+00
f95cb516-2147-40fc-92f9-adae2bf11c9d,232896a3-8a84-4089-8e1d-43406e7641c6,admin,2026-04-22 17:14:04.561071+00
8e44fc3d-c896-486d-9675-0928b316a3d2,da3fab49-76d4-422a-9873-e2bcaf2f5801,admin,2026-06-16 19:14:35.251268+00
